t_s,phase,pos_rad,vel_rad_s,torque_nm,temp_c,kp,cmd_pos,cmd_vel
0.002,disabled,-0.000049,-0.023183,-0.012711,40.000,0.000,-0.000049,0.000000
0.503,disabled,-0.000049,0.054777,-0.012711,40.000,0.000,-0.000049,0.000000
1.028,disabled,-0.000099,0.016484,-0.012711,40.000,0.000,-0.000049,0.000000
1.552,disabled,-0.000148,-0.073348,-0.012711,40.000,0.000,-0.000049,0.000000
2.078,disabled,-0.000297,-0.011189,-0.012711,40.000,0.000,-0.000049,0.000000
2.602,disabled,-0.000099,0.073497,-0.012711,40.000,0.000,-0.000049,0.000000
3.102,disabled,-0.000198,0.034830,-0.012711,40.000,0.000,-0.000049,0.000000
3.603,disabled,-0.000198,0.048655,-0.012711,40.000,0.000,-0.000049,0.000000
4.127,disabled,-0.000198,-0.003693,-0.012711,40.000,0.000,-0.000049,0.000000
4.628,disabled,-0.000198,-0.043749,-0.012711,40.000,0.000,-0.000049,0.000000
5.153,disabled,-0.000099,0.082948,-0.012711,40.000,0.000,-0.000049,0.000000
5.677,disabled,-0.000247,0.005497,-0.012711,40.000,0.000,-0.000049,0.000000
6.178,disabled,-0.000198,-0.023497,-0.012711,40.000,0.000,-0.000049,0.000000
6.702,disabled,-0.000247,-0.091052,-0.012711,40.000,0.000,-0.000049,0.000000
7.228,disabled,-0.000198,0.002571,-0.012711,40.000,0.000,-0.000049,0.000000
7.752,disabled,-0.000198,0.119328,-0.012711,40.000,0.000,-0.000049,0.000000
8.252,disabled,-0.000247,-0.023979,-0.012711,40.000,0.000,-0.000049,0.000000
8.753,disabled,-0.000148,0.116245,-0.012711,40.000,0.000,-0.000049,0.000000
9.277,disabled,-0.000346,-0.108532,-0.012711,40.000,0.000,-0.000049,0.000000
9.778,disabled,-0.000148,0.076724,-0.012711,40.000,0.000,-0.000049,0.000000
10.302,disabled,-0.000346,-0.012394,-0.012711,40.000,0.000,-0.000049,0.000000
10.803,disabled,-0.000247,0.012265,-0.012711,40.000,0.000,-0.000049,0.000000
11.328,disabled,-0.000247,0.185677,-0.012711,40.000,0.000,-0.000049,0.000000
11.853,disabled,-0.000148,-0.063283,-0.012711,40.000,0.000,-0.000049,0.000000
12.378,disabled,-0.000148,-0.116373,-0.012711,40.000,0.000,-0.000049,0.000000
12.878,disabled,-0.000247,-0.103359,-0.012711,40.000,0.000,-0.000049,0.000000
13.379,disabled,-0.000247,0.070084,-0.012711,40.000,0.000,-0.000049,0.000000
13.902,disabled,-0.000148,-0.109286,-0.012711,40.000,0.000,-0.000049,0.000000
14.403,disabled,-0.000099,-0.195478,-0.012711,40.000,0.000,-0.000049,0.000000
14.928,disabled,0.000000,0.084838,-0.012711,40.000,0.000,-0.000049,0.000000
15.452,disabled,-0.000247,0.104167,-0.012711,40.000,0.000,-0.000049,0.000000
15.977,disabled,-0.000148,-0.058694,-0.012711,40.000,0.000,-0.000049,0.000000
16.478,disabled,-0.000247,0.018873,-0.012711,40.000,0.000,-0.000049,0.000000
16.978,disabled,-0.000198,0.033521,-0.012711,40.000,0.000,-0.000049,0.000000
17.502,disabled,-0.000198,-0.028173,-0.012711,40.000,0.000,-0.000049,0.000000
18.029,disabled,-0.000297,-0.011510,-0.012711,40.000,0.000,-0.000049,0.000000
18.552,disabled,-0.000247,-0.127175,-0.012711,40.000,0.000,-0.000049,0.000000
19.053,disabled,-0.000198,0.111906,-0.012711,40.000,0.000,-0.000049,0.000000
19.577,disabled,-0.000247,0.054618,-0.012711,40.000,0.000,-0.000049,0.000000
20.080,disabled,-0.000198,0.021220,-0.012711,40.000,0.000,-0.000049,0.000000
20.604,disabled,-0.000148,-0.029634,-0.012711,40.000,0.000,-0.000049,0.000000
21.130,disabled,-0.000099,0.005558,-0.012711,40.000,0.000,-0.000049,0.000000
21.630,disabled,-0.000198,-0.029372,-0.012711,40.000,0.000,-0.000049,0.000000
22.154,disabled,-0.000148,0.104303,-0.012711,40.000,0.000,-0.000049,0.000000
22.680,disabled,-0.000198,0.057387,-0.012711,40.000,0.000,-0.000049,0.000000
23.204,disabled,-0.000198,0.032874,-0.012711,40.000,0.000,-0.000049,0.000000
23.704,disabled,-0.000198,0.043121,-0.012711,40.000,0.000,-0.000049,0.000000
24.230,disabled,-0.000247,-0.068492,-0.012711,40.000,0.000,-0.000049,0.000000
24.754,disabled,-0.000049,-0.078359,-0.012711,40.000,0.000,-0.000049,0.000000
25.279,disabled,-0.000099,-0.005319,-0.012711,40.000,0.000,-0.000049,0.000000
25.780,disabled,-0.000198,-0.173780,-0.012711,40.000,0.000,-0.000049,0.000000
26.304,disabled,0.000049,-0.054861,-0.012711,40.000,0.000,-0.000049,0.000000
26.829,disabled,-0.000049,0.035255,-0.012711,40.000,0.000,-0.000049,0.000000
27.329,disabled,-0.000247,-0.032202,-0.012711,40.000,0.000,-0.000049,0.000000
27.830,disabled,-0.000148,-0.096195,-0.012711,40.000,0.000,-0.000049,0.000000
28.354,disabled,-0.000099,0.241856,-0.012711,40.000,0.000,-0.000049,0.000000
28.881,disabled,-0.000099,0.058513,-0.012711,40.000,0.000,-0.000049,0.000000
29.404,disabled,-0.000148,-0.002241,-0.012711,40.000,0.000,-0.000049,0.000000
29.904,disabled,-0.000198,-0.014934,-0.012711,40.000,0.000,-0.000049,0.000000
30.429,disabled,-0.000247,-0.041052,-0.012711,40.000,0.000,-0.000049,0.000000
30.954,disabled,-0.000198,-0.017786,-0.012711,40.000,0.000,-0.000049,0.000000
31.454,disabled,-0.000247,-0.002011,-0.012711,40.000,0.000,-0.000049,0.000000
31.954,disabled,-0.000198,-0.016517,-0.012711,40.000,0.000,-0.000049,0.000000
32.454,disabled,0.000000,-0.026203,-0.012711,40.000,0.000,-0.000049,0.000000
32.954,disabled,-0.000198,0.067966,-0.012711,40.000,0.000,-0.000049,0.000000
33.479,disabled,-0.000198,-0.095598,-0.012711,40.000,0.000,-0.000049,0.000000
33.979,disabled,-0.000297,0.099219,-0.012711,40.000,0.000,-0.000049,0.000000
34.504,disabled,-0.000247,-0.096381,-0.012711,40.000,0.000,-0.000049,0.000000
35.004,disabled,-0.000148,0.046470,-0.012711,40.000,0.000,-0.000049,0.000000
35.529,disabled,-0.000198,0.135815,-0.012711,40.000,0.000,-0.000049,0.000000
36.030,disabled,-0.000099,-0.002715,-0.012711,40.000,0.000,-0.000049,0.000000
36.554,disabled,-0.000099,0.124741,-0.012711,40.000,0.000,-0.000049,0.000000
37.054,disabled,-0.000198,-0.156500,-0.012711,40.000,0.000,-0.000049,0.000000
37.579,disabled,-0.000148,-0.028031,-0.012711,40.000,0.000,-0.000049,0.000000
38.104,disabled,-0.000148,-0.053570,-0.012711,40.000,0.000,-0.000049,0.000000
38.629,disabled,0.000049,0.009479,-0.012711,40.000,0.000,-0.000049,0.000000
39.129,disabled,-0.000148,0.025608,-0.012711,40.000,0.000,-0.000049,0.000000
39.654,disabled,-0.000148,-0.006616,-0.012711,40.000,0.000,-0.000049,0.000000
40.154,disabled,-0.000099,0.039210,-0.012711,40.000,0.000,-0.000049,0.000000
40.654,disabled,-0.000198,-0.030924,-0.012711,40.000,0.000,-0.000049,0.000000
41.178,disabled,-0.000148,-0.118801,-0.012711,40.000,0.000,-0.000049,0.000000
41.679,disabled,-0.000247,0.021453,-0.012711,40.000,0.000,-0.000049,0.000000
42.180,disabled,-0.000099,0.003197,-0.012711,40.000,0.000,-0.000049,0.000000
42.704,disabled,-0.000247,-0.116214,-0.012711,40.000,0.000,-0.000049,0.000000
43.229,disabled,-0.000049,-0.044141,-0.012711,40.000,0.000,-0.000049,0.000000
43.730,disabled,-0.000099,0.022372,-0.012711,40.000,0.000,-0.000049,0.000000
44.254,disabled,-0.000247,-0.002251,-0.012711,40.000,0.000,-0.000049,0.000000
44.779,disabled,-0.000099,-0.060937,-0.012711,40.000,0.000,-0.000049,0.000000
45.280,disabled,-0.000099,0.085699,-0.012711,40.000,0.000,-0.000049,0.000000
45.796,disabled,-0.000198,0.059523,-0.012711,40.000,0.000,-0.000049,0.000000
46.297,disabled,-0.000148,0.067862,-0.012711,40.000,0.000,-0.000049,0.000000
46.821,disabled,-0.000247,-0.022855,-0.012711,40.000,0.000,-0.000049,0.000000
47.321,disabled,-0.000148,-0.090587,-0.012711,40.000,0.000,-0.000049,0.000000
47.846,disabled,-0.000297,0.115483,-0.012711,40.000,0.000,-0.000049,0.000000
48.371,disabled,-0.000099,0.047716,-0.012711,40.000,0.000,-0.000049,0.000000
48.895,disabled,-0.000247,0.035164,-0.012711,40.000,0.000,-0.000049,0.000000
49.421,disabled,-0.000049,-0.042800,-0.012711,40.000,0.000,-0.000049,0.000000
49.945,disabled,-0.000198,0.005658,-0.012711,40.000,0.000,-0.000049,0.000000
50.445,disabled,0.000099,0.000688,-0.012711,40.000,0.000,-0.000049,0.000000
50.946,disabled,-0.000148,0.128056,-0.012711,40.000,0.000,-0.000049,0.000000
51.470,disabled,-0.000247,0.057532,-0.012711,40.000,0.000,-0.000049,0.000000
51.995,disabled,-0.000099,0.142338,-0.012711,40.000,0.000,-0.000049,0.000000
52.520,disabled,-0.000099,-0.096173,-0.012711,40.000,0.000,-0.000049,0.000000
53.020,disabled,-0.000247,-0.045472,-0.012711,40.000,0.000,-0.000049,0.000000
53.545,disabled,-0.000099,0.093321,-0.012711,40.000,0.000,-0.000049,0.000000
54.071,disabled,-0.000148,0.008522,-0.012711,40.000,0.000,-0.000049,0.000000
54.595,disabled,-0.000198,-0.045993,-0.012711,40.000,0.000,-0.000049,0.000000
55.120,disabled,-0.000198,-0.067422,-0.012711,40.000,0.000,-0.000049,0.000000
55.620,disabled,-0.000099,0.121618,-0.012711,40.000,0.000,-0.000049,0.000000
56.145,disabled,-0.000148,-0.059638,-0.012711,40.000,0.000,-0.000049,0.000000
56.670,disabled,-0.000297,0.042831,-0.012711,40.000,0.000,-0.000049,0.000000
57.170,disabled,-0.000247,0.065733,-0.012711,40.000,0.000,-0.000049,0.000000
57.670,disabled,0.000049,0.045861,-0.012711,40.000,0.000,-0.000049,0.000000
58.170,disabled,-0.000297,-0.065846,-0.012711,40.000,0.000,-0.000049,0.000000
58.670,disabled,-0.000198,0.006262,-0.012711,40.000,0.000,-0.000049,0.000000
59.195,disabled,-0.000148,0.014763,-0.012711,40.000,0.000,-0.000049,0.000000
59.720,disabled,-0.000247,0.110436,-0.012711,40.000,0.000,-0.000049,0.000000
60.245,disabled,-0.000297,0.008961,-0.012711,40.000,0.000,-0.000049,0.000000
60.745,disabled,0.000000,0.181552,-0.012711,40.000,0.000,-0.000049,0.000000
61.245,disabled,-0.000247,-0.096249,-0.012711,40.000,0.000,-0.000049,0.000000
61.746,disabled,-0.000148,-0.048312,-0.012711,40.000,0.000,-0.000049,0.000000
62.270,disabled,-0.000247,0.016703,-0.012711,40.000,0.000,-0.000049,0.000000
62.771,disabled,-0.000198,-0.060842,-0.012711,40.000,0.000,-0.000049,0.000000
63.295,disabled,-0.000148,0.094103,-0.012711,40.000,0.000,-0.000049,0.000000
63.796,disabled,-0.000247,-0.101978,-0.012711,40.000,0.000,-0.000049,0.000000
64.320,disabled,-0.000148,0.015507,-0.012711,40.000,0.000,-0.000049,0.000000
64.846,disabled,0.000000,0.019254,-0.012711,40.000,0.000,-0.000049,0.000000
65.370,disabled,-0.000247,-0.014782,-0.012711,40.000,0.000,-0.000049,0.000000
65.870,disabled,-0.000148,-0.072115,-0.012711,40.000,0.000,-0.000049,0.000000
66.395,disabled,-0.000099,0.077835,-0.012711,40.000,0.000,-0.000049,0.000000
66.895,disabled,-0.000049,0.020621,-0.012711,40.000,0.000,-0.000049,0.000000
67.396,disabled,-0.000198,0.083998,-0.012711,40.000,0.000,-0.000049,0.000000
67.920,disabled,-0.000198,-0.164579,-0.012711,40.000,0.000,-0.000049,0.000000
68.445,disabled,-0.000247,0.060766,-0.012711,40.000,0.000,-0.000049,0.000000
68.945,disabled,-0.000049,-0.060537,-0.012711,40.000,0.000,-0.000049,0.000000
69.446,disabled,-0.000198,0.018311,-0.012711,40.000,0.000,-0.000049,0.000000
69.970,disabled,-0.000198,0.011519,-0.012711,40.000,0.000,-0.000049,0.000000
70.495,disabled,-0.000049,0.015253,-0.012711,40.000,0.000,-0.000049,0.000000
71.020,disabled,-0.000198,0.004450,-0.012711,40.000,0.000,-0.000049,0.000000
71.520,disabled,0.000049,0.026297,-0.012711,40.000,0.000,-0.000049,0.000000
72.045,disabled,0.000000,-0.057551,-0.012711,40.000,0.000,-0.000049,0.000000
72.570,disabled,-0.000099,0.065832,-0.012711,40.000,0.000,-0.000049,0.000000
73.071,disabled,-0.000198,0.037371,-0.012711,40.000,0.000,-0.000049,0.000000
73.595,disabled,-0.000148,-0.129276,-0.012711,40.000,0.000,-0.000049,0.000000
74.120,disabled,0.000000,0.024475,-0.012711,40.000,0.000,-0.000049,0.000000
74.621,disabled,-0.000198,0.147129,-0.012711,40.000,0.000,-0.000049,0.000000
75.121,disabled,-0.000148,-0.062892,-0.012711,40.000,0.000,-0.000049,0.000000
75.645,disabled,-0.000247,0.098073,-0.012711,40.000,0.000,-0.000049,0.000000
76.170,disabled,-0.000099,0.085211,-0.012711,40.000,0.000,-0.000049,0.000000
76.695,disabled,-0.000148,-0.156762,-0.012711,40.000,0.000,-0.000049,0.000000
77.196,disabled,-0.000148,-0.058741,-0.012711,40.000,0.000,-0.000049,0.000000
77.720,disabled,-0.000198,-0.034609,-0.012711,40.000,0.000,-0.000049,0.000000
78.246,disabled,0.000000,-0.037867,-0.012711,40.000,0.000,-0.000049,0.000000
78.770,disabled,-0.000198,-0.015556,-0.012711,40.000,0.000,-0.000049,0.000000
79.270,disabled,-0.000198,0.003783,-0.012711,40.000,0.000,-0.000049,0.000000
79.770,disabled,-0.000198,0.039669,-0.012711,40.000,0.000,-0.000049,0.000000
80.296,disabled,-0.000247,-0.042390,-0.012711,40.000,0.000,-0.000049,0.000000
80.821,disabled,-0.000148,0.008868,-0.012711,40.000,0.000,-0.000049,0.000000
81.321,disabled,0.000000,-0.051228,-0.012711,40.000,0.000,-0.000049,0.000000
81.822,disabled,-0.000198,-0.097500,-0.012711,40.000,0.000,-0.000049,0.000000
82.345,disabled,-0.000198,0.103453,-0.012711,40.000,0.000,-0.000049,0.000000
82.845,disabled,-0.000148,0.106953,-0.012711,40.000,0.000,-0.000049,0.000000
83.370,disabled,-0.000148,-0.014444,-0.012711,40.000,0.000,-0.000049,0.000000
83.895,disabled,-0.000346,-0.063517,-0.012711,40.000,0.000,-0.000049,0.000000
84.395,disabled,-0.000297,0.037656,-0.012711,40.000,0.000,-0.000049,0.000000
84.920,disabled,-0.000148,0.023021,-0.012711,40.000,0.000,-0.000049,0.000000
85.445,disabled,-0.000198,0.050334,-0.012711,40.000,0.000,-0.000049,0.000000
85.945,disabled,-0.000297,0.111391,-0.012711,40.000,0.000,-0.000049,0.000000
86.445,disabled,-0.000148,-0.110563,-0.012711,40.000,0.000,-0.000049,0.000000
86.970,disabled,-0.000247,0.120105,-0.012711,40.000,0.000,-0.000049,0.000000
87.470,disabled,-0.000148,0.082220,-0.012711,40.000,0.000,-0.000049,0.000000
87.970,disabled,-0.000247,0.044644,-0.012711,40.000,0.000,-0.000049,0.000000
88.472,disabled,-0.000148,0.037676,-0.012711,40.000,0.000,-0.000049,0.000000
88.995,disabled,-0.000049,0.104935,-0.012711,40.000,0.000,-0.000049,0.000000
89.495,disabled,-0.000099,-0.062526,-0.012711,40.000,0.000,-0.000049,0.000000
89.996,disabled,-0.000099,0.119502,-0.012711,40.000,0.000,-0.000049,0.000000
90.496,disabled,-0.000198,0.117503,-0.012711,40.000,0.000,-0.000049,0.000000
90.996,disabled,-0.000099,0.198238,-0.012711,40.000,0.000,-0.000049,0.000000
91.520,disabled,-0.000198,-0.123814,-0.012711,40.000,0.000,-0.000049,0.000000
92.020,disabled,-0.000049,-0.133708,-0.012711,40.000,0.000,-0.000049,0.000000
92.520,disabled,-0.000148,-0.115961,-0.012711,40.000,0.000,-0.000049,0.000000
93.046,disabled,-0.000198,-0.082007,-0.012711,40.000,0.000,-0.000049,0.000000
93.546,disabled,-0.000099,0.065756,-0.012711,40.000,0.000,-0.000049,0.000000
94.071,disabled,-0.000099,0.117808,-0.012711,40.000,0.000,-0.000049,0.000000
94.595,disabled,-0.000247,0.097396,-0.012711,40.000,0.000,-0.000049,0.000000
95.095,disabled,-0.000346,-0.135007,-0.012711,40.000,0.000,-0.000049,0.000000
95.595,disabled,-0.000346,-0.029453,-0.012711,40.000,0.000,-0.000049,0.000000
96.096,disabled,-0.000198,0.065818,-0.012711,40.000,0.000,-0.000049,0.000000
96.621,disabled,0.000000,0.096081,-0.012711,40.000,0.000,-0.000049,0.000000
97.145,disabled,0.000000,0.035195,-0.012711,40.000,0.000,-0.000049,0.000000
97.645,disabled,-0.000148,0.064473,-0.012711,40.000,0.000,-0.000049,0.000000
98.171,disabled,-0.000198,0.022531,-0.012711,40.000,0.000,-0.000049,0.000000
98.671,disabled,-0.000247,0.067450,-0.012711,40.000,0.000,-0.000049,0.000000
99.172,disabled,-0.000099,-0.038492,-0.012711,40.000,0.000,-0.000049,0.000000
99.696,disabled,-0.000148,-0.126813,-0.012711,40.000,0.000,-0.000049,0.000000
100.196,disabled,-0.000198,-0.048141,-0.012711,40.000,0.000,-0.000049,0.000000
100.720,disabled,-0.000099,0.093907,-0.012711,40.000,0.000,-0.000049,0.000000
101.245,disabled,-0.000198,-0.131582,-0.012711,40.000,0.000,-0.000049,0.000000
101.770,disabled,-0.000148,0.073394,-0.012711,40.000,0.000,-0.000049,0.000000
102.295,disabled,-0.000049,0.037217,-0.012711,40.000,0.000,-0.000049,0.000000
102.795,disabled,-0.000148,-0.126589,-0.012711,40.000,0.000,-0.000049,0.000000
103.295,disabled,-0.000297,0.107286,-0.012711,40.000,0.000,-0.000049,0.000000
103.795,disabled,-0.000099,-0.107148,-0.012711,40.000,0.000,-0.000049,0.000000
104.320,disabled,-0.000247,0.027266,-0.012711,40.000,0.000,-0.000049,0.000000
104.845,disabled,-0.000198,0.069325,-0.012711,40.000,0.000,-0.000049,0.000000
105.345,disabled,-0.000148,-0.096566,-0.012711,40.000,0.000,-0.000049,0.000000
105.845,disabled,-0.000148,0.123964,-0.012711,40.000,0.000,-0.000049,0.000000
106.370,disabled,-0.000297,-0.143820,-0.012711,40.000,0.000,-0.000049,0.000000
106.870,disabled,-0.000099,0.199310,-0.012711,40.000,0.000,-0.000049,0.000000
107.395,disabled,-0.000049,0.104769,-0.012711,40.000,0.000,-0.000049,0.000000
107.895,disabled,-0.000148,-0.107828,-0.012711,40.000,0.000,-0.000049,0.000000
108.396,disabled,-0.000247,0.127240,-0.012711,40.000,0.000,-0.000049,0.000000
108.920,disabled,-0.000346,-0.051606,-0.012711,40.000,0.000,-0.000049,0.000000
109.421,disabled,-0.000099,-0.023962,-0.012711,40.000,0.000,-0.000049,0.000000
109.945,disabled,-0.000049,0.002271,-0.012711,40.000,0.000,-0.000049,0.000000
110.445,disabled,-0.000099,-0.018979,-0.012711,40.000,0.000,-0.000049,0.000000
110.945,disabled,-0.000148,-0.044177,-0.012711,40.000,0.000,-0.000049,0.000000
111.470,disabled,-0.000198,0.076909,-0.012711,40.000,0.000,-0.000049,0.000000
111.970,disabled,-0.000148,-0.089268,-0.012711,40.000,0.000,-0.000049,0.000000
112.495,disabled,0.000049,0.005515,-0.012711,40.000,0.000,-0.000049,0.000000
112.996,disabled,-0.000148,0.010391,-0.012711,40.000,0.000,-0.000049,0.000000
113.520,disabled,-0.000198,0.000094,-0.012711,40.000,0.000,-0.000049,0.000000
114.020,disabled,-0.000247,0.000030,-0.012711,40.000,0.000,-0.000049,0.000000
114.545,disabled,-0.000247,0.008918,-0.012711,40.000,0.000,-0.000049,0.000000
115.045,disabled,-0.000198,-0.019468,-0.012711,40.000,0.000,-0.000049,0.000000
115.570,disabled,-0.000148,0.156821,-0.012711,40.000,0.000,-0.000049,0.000000
116.070,disabled,-0.000198,0.071995,-0.012711,40.000,0.000,-0.000049,0.000000
116.571,disabled,-0.000247,-0.034716,-0.012711,40.000,0.000,-0.000049,0.000000
117.096,disabled,-0.000099,0.128370,-0.012711,40.000,0.000,-0.000049,0.000000
117.620,disabled,-0.000198,-0.066525,-0.012711,40.000,0.000,-0.000049,0.000000
118.120,disabled,-0.000148,-0.019522,-0.012711,40.000,0.000,-0.000049,0.000000
118.646,disabled,-0.000148,0.141358,-0.012711,40.000,0.000,-0.000049,0.000000
119.146,disabled,-0.000099,0.130259,-0.012711,40.000,0.000,-0.000049,0.000000
119.671,disabled,-0.000099,0.083082,-0.012711,40.000,0.000,-0.000049,0.000000
120.196,disabled,-0.000099,-0.040998,-0.012711,40.000,0.000,-0.000049,0.000000
120.720,disabled,-0.000148,-0.087980,-0.012711,40.000,0.000,-0.000049,0.000000
121.245,disabled,-0.000297,-0.057374,-0.012711,40.000,0.000,-0.000049,0.000000
121.770,disabled,-0.000148,-0.176612,-0.012711,40.000,0.000,-0.000049,0.000000
122.270,disabled,-0.000247,-0.034627,-0.012711,40.000,0.000,-0.000049,0.000000
122.770,disabled,-0.000198,0.011434,-0.012711,40.000,0.000,-0.000049,0.000000
123.271,disabled,-0.000049,0.054346,-0.012711,40.000,0.000,-0.000049,0.000000
123.795,disabled,-0.000198,0.050518,-0.012711,40.000,0.000,-0.000049,0.000000
124.296,disabled,-0.000099,0.019219,-0.012711,40.000,0.000,-0.000049,0.000000
124.796,disabled,-0.000148,0.038643,-0.012711,40.000,0.000,-0.000049,0.000000
125.320,disabled,-0.000148,-0.142907,-0.012711,40.000,0.000,-0.000049,0.000000
125.821,disabled,-0.000099,-0.091139,-0.012711,40.000,0.000,-0.000049,0.000000
126.345,disabled,0.000000,0.115192,-0.012711,40.000,0.000,-0.000049,0.000000
126.870,disabled,-0.000099,0.127919,-0.012711,40.000,0.000,-0.000049,0.000000
127.371,disabled,-0.000099,0.074918,-0.012711,40.000,0.000,-0.000049,0.000000
127.895,disabled,-0.000297,-0.017972,-0.012711,40.000,0.000,-0.000049,0.000000
128.420,disabled,-0.000148,0.173127,-0.012711,40.000,0.000,-0.000049,0.000000
128.946,disabled,-0.000247,0.089760,-0.012711,40.000,0.000,-0.000049,0.000000
129.470,disabled,-0.000148,-0.069062,-0.012711,40.000,0.000,-0.000049,0.000000
129.972,disabled,-0.000099,-0.015883,-0.012711,40.000,0.000,-0.000049,0.000000
130.474,disabled,-0.000099,-0.128039,-0.012711,40.000,0.000,-0.000049,0.000000
130.974,disabled,-0.000198,0.125659,-0.012711,40.000,0.000,-0.000049,0.000000
131.500,disabled,-0.000099,0.118172,-0.012711,40.000,0.000,-0.000049,0.000000
132.024,disabled,-0.000099,0.104503,-0.012711,40.000,0.000,-0.000049,0.000000
132.553,disabled,0.000000,-0.005905,-0.012711,40.000,0.000,-0.000049,0.000000
133.074,disabled,-0.000247,-0.051657,-0.012711,40.000,0.000,-0.000049,0.000000
133.601,disabled,-0.000049,-0.106232,-0.012711,40.000,0.000,-0.000049,0.000000
134.101,disabled,0.000000,0.164126,-0.012711,40.000,0.000,-0.000049,0.000000
134.624,disabled,-0.000247,0.069519,-0.012711,40.000,0.000,-0.000049,0.000000
135.125,disabled,-0.000148,-0.061391,-0.012711,40.000,0.000,-0.000049,0.000000
135.652,disabled,0.000000,-0.001666,-0.012711,40.000,0.000,-0.000049,0.000000
136.174,disabled,-0.000148,0.148040,-0.012711,40.000,0.000,-0.000049,0.000000
136.674,disabled,-0.000099,0.005564,-0.012711,40.000,0.000,-0.000049,0.000000
137.201,disabled,-0.000198,-0.044831,-0.012711,40.000,0.000,-0.000049,0.000000
137.702,disabled,-0.000198,0.003373,-0.012711,40.000,0.000,-0.000049,0.000000
138.224,disabled,-0.000198,0.152202,-0.012711,40.000,0.000,-0.000049,0.000000
138.725,disabled,-0.000198,-0.013216,-0.012711,40.000,0.000,-0.000049,0.000000
139.252,disabled,-0.000099,0.016177,-0.012711,40.000,0.000,-0.000049,0.000000
139.752,disabled,-0.000099,0.059938,-0.012711,40.000,0.000,-0.000049,0.000000
140.274,disabled,-0.000247,0.126320,-0.012711,40.000,0.000,-0.000049,0.000000
140.774,disabled,-0.000198,-0.067249,-0.012711,40.000,0.000,-0.000049,0.000000
141.274,disabled,-0.000049,-0.144843,-0.012711,40.000,0.000,-0.000049,0.000000
141.801,disabled,-0.000099,0.058686,-0.012711,40.000,0.000,-0.000049,0.000000
142.324,disabled,-0.000049,0.056764,-0.012711,40.000,0.000,-0.000049,0.000000
142.824,disabled,0.000000,0.080469,-0.012711,40.000,0.000,-0.000049,0.000000
143.349,disabled,-0.000148,-0.081882,-0.012711,40.000,0.000,-0.000049,0.000000
143.851,disabled,-0.000198,-0.022454,-0.012711,40.000,0.000,-0.000049,0.000000
144.353,disabled,-0.000198,0.039219,-0.012711,40.000,0.000,-0.000049,0.000000
144.875,disabled,-0.000049,0.253884,-0.012711,40.000,0.000,-0.000049,0.000000
145.401,disabled,-0.000148,-0.090952,-0.012711,40.000,0.000,-0.000049,0.000000
145.901,disabled,-0.000198,0.034141,-0.012711,40.000,0.000,-0.000049,0.000000
146.402,disabled,-0.000099,0.099230,-0.012711,40.000,0.000,-0.000049,0.000000
146.926,disabled,0.000000,-0.170326,-0.012711,40.000,0.000,-0.000049,0.000000
147.452,disabled,-0.000247,0.025043,-0.012711,40.000,0.000,-0.000049,0.000000
147.975,disabled,-0.000148,-0.145729,-0.012711,40.000,0.000,-0.000049,0.000000
148.501,disabled,-0.000247,-0.026576,-0.012711,40.000,0.000,-0.000049,0.000000
149.024,disabled,-0.000099,-0.058594,-0.012711,40.000,0.000,-0.000049,0.000000
149.524,disabled,-0.000099,-0.065894,-0.012711,40.000,0.000,-0.000049,0.000000
150.024,disabled,-0.000148,0.025895,-0.012711,40.000,0.000,-0.000049,0.000000
150.551,disabled,-0.000198,0.014992,-0.012711,40.000,0.000,-0.000049,0.000000
151.052,disabled,-0.000148,0.026600,-0.012711,40.000,0.000,-0.000049,0.000000
151.574,disabled,-0.000198,-0.071770,-0.012711,40.000,0.000,-0.000049,0.000000
152.103,disabled,-0.000198,0.066117,-0.012711,40.000,0.000,-0.000049,0.000000
152.624,disabled,-0.000099,0.013867,-0.012711,40.000,0.000,-0.000049,0.000000
153.124,disabled,-0.000198,-0.052812,-0.012711,40.000,0.000,-0.000049,0.000000
153.651,disabled,-0.000247,0.075748,-0.012711,40.000,0.000,-0.000049,0.000000
154.161,disabled,-0.000099,0.079919,-0.012711,40.000,0.000,-0.000049,0.000000
154.662,disabled,-0.000148,0.010133,-0.012711,40.000,0.000,-0.000049,0.000000
155.162,disabled,-0.000297,-0.102287,-0.012711,40.000,0.000,-0.000049,0.000000
155.687,disabled,-0.000099,-0.083963,-0.012711,40.000,0.000,-0.000049,0.000000
156.212,disabled,-0.000148,-0.105494,-0.012711,40.000,0.000,-0.000049,0.000000
156.712,disabled,-0.000049,0.106329,-0.012711,40.000,0.000,-0.000049,0.000000
157.237,disabled,-0.000198,-0.067210,-0.012711,40.000,0.000,-0.000049,0.000000
157.762,disabled,-0.000049,-0.140198,-0.012711,40.000,0.000,-0.000049,0.000000
158.262,disabled,-0.000198,-0.015135,-0.012711,40.000,0.000,-0.000049,0.000000
158.786,disabled,-0.000247,0.022960,-0.012711,40.000,0.000,-0.000049,0.000000
159.286,disabled,-0.000148,0.146630,-0.012711,40.000,0.000,-0.000049,0.000000
159.787,disabled,-0.000148,-0.172687,-0.012711,40.000,0.000,-0.000049,0.000000
160.287,disabled,-0.000297,0.081416,-0.012711,40.000,0.000,-0.000049,0.000000
160.812,disabled,-0.000247,0.023084,-0.012711,40.000,0.000,-0.000049,0.000000
161.312,disabled,-0.000049,0.003032,-0.012711,40.000,0.000,-0.000049,0.000000
161.837,disabled,-0.000148,0.101327,-0.012711,40.000,0.000,-0.000049,0.000000
162.362,disabled,0.000000,0.040249,-0.012711,40.000,0.000,-0.000049,0.000000
162.887,disabled,0.000049,0.015562,-0.012711,40.000,0.000,-0.000049,0.000000
163.411,disabled,-0.000198,-0.202433,-0.012711,40.000,0.000,-0.000049,0.000000
163.912,disabled,-0.000148,0.011710,-0.012711,40.000,0.000,-0.000049,0.000000
164.437,disabled,-0.000198,0.155906,-0.012711,40.000,0.000,-0.000049,0.000000
164.937,disabled,-0.000099,-0.009244,-0.012711,40.000,0.000,-0.000049,0.000000
165.437,disabled,-0.000198,-0.075099,-0.012711,40.000,0.000,-0.000049,0.000000
165.962,disabled,-0.000049,0.001236,-0.012711,40.000,0.000,-0.000049,0.000000
166.487,disabled,-0.000148,-0.071589,-0.012711,40.000,0.000,-0.000049,0.000000
167.012,disabled,-0.000148,0.007668,-0.012711,40.000,0.000,-0.000049,0.000000
167.512,disabled,0.000000,-0.167920,-0.012711,40.000,0.000,-0.000049,0.000000
168.012,disabled,-0.000297,-0.168689,-0.012711,40.000,0.000,-0.000049,0.000000
168.512,disabled,-0.000247,0.030880,-0.012711,40.000,0.000,-0.000049,0.000000
169.037,disabled,-0.000198,-0.024517,-0.012711,40.000,0.000,-0.000049,0.000000
169.537,disabled,-0.000148,0.065236,-0.012711,40.000,0.000,-0.000049,0.000000
170.062,disabled,0.000000,0.056621,-0.012711,40.000,0.000,-0.000049,0.000000
170.563,disabled,-0.000247,0.177706,-0.012711,40.000,0.000,-0.000049,0.000000
171.087,disabled,-0.000049,-0.083351,-0.012711,40.000,0.000,-0.000049,0.000000
171.611,disabled,-0.000297,-0.080633,-0.012711,40.000,0.000,-0.000049,0.000000
172.113,disabled,-0.000247,0.024194,-0.012711,40.000,0.000,-0.000049,0.000000
172.637,disabled,-0.000049,0.009045,-0.012711,40.000,0.000,-0.000049,0.000000
173.162,disabled,-0.000198,0.182110,-0.012711,40.000,0.000,-0.000049,0.000000
173.686,disabled,-0.000099,-0.000067,-0.012711,40.000,0.000,-0.000049,0.000000
174.187,disabled,-0.000198,-0.057935,-0.012711,40.000,0.000,-0.000049,0.000000
174.687,disabled,-0.000247,-0.061134,-0.012711,40.000,0.000,-0.000049,0.000000
175.212,disabled,-0.000198,0.011324,-0.012711,40.000,0.000,-0.000049,0.000000
175.734,disabled,-0.000148,0.121817,-0.012711,40.000,0.000,-0.000049,0.000000
176.237,disabled,-0.000297,-0.053282,-0.012711,40.000,0.000,-0.000049,0.000000
176.737,disabled,-0.000198,0.083475,-0.012711,40.000,0.000,-0.000049,0.000000
177.238,disabled,-0.000198,0.048421,-0.012711,40.000,0.000,-0.000049,0.000000
177.762,disabled,-0.000198,-0.024729,-0.012711,40.000,0.000,-0.000049,0.000000
178.287,disabled,-0.000049,-0.001347,-0.012711,40.000,0.000,-0.000049,0.000000
178.787,disabled,-0.000148,-0.010455,-0.012711,40.000,0.000,-0.000049,0.000000
179.312,disabled,-0.000148,-0.026353,-0.012711,40.000,0.000,-0.000049,0.000000
179.813,disabled,-0.000148,0.070623,-0.012711,40.000,0.000,-0.000049,0.000000
180.895,enabled_hold,-0.000575,-0.188663,-0.001816,39.000,8.000,-0.000049,0.000000
181.395,enabled_hold,-0.000575,-0.153751,0.003372,39.000,8.000,-0.000049,0.000000
181.895,enabled_hold,-0.000575,-0.078552,-0.030869,39.000,8.000,-0.000049,0.000000
182.420,enabled_hold,-0.000575,-0.096012,-0.010117,39.000,8.000,-0.000049,0.000000
182.923,enabled_hold,-0.000192,0.010071,0.010117,39.000,8.000,-0.000049,0.000000
183.445,enabled_hold,-0.000575,-0.028870,0.030869,39.000,8.000,-0.000049,0.000000
183.945,enabled_hold,-0.000575,-0.114811,-0.018936,39.000,8.000,-0.000049,0.000000
184.446,enabled_hold,-0.000192,0.018127,0.032425,39.000,8.000,-0.000049,0.000000
184.970,enabled_hold,-0.000192,0.062439,-0.028275,39.000,8.000,-0.000049,0.000000
185.471,enabled_hold,-0.000575,0.055725,-0.014786,39.000,8.000,-0.000049,0.000000
185.995,enabled_hold,-0.000575,-0.053040,0.004410,39.000,8.000,-0.000049,0.000000
186.520,enabled_hold,-0.000575,0.043640,-0.035021,39.000,8.000,-0.000049,0.000000
187.020,enabled_hold,-0.000192,-0.011414,-0.012192,39.000,8.000,-0.000049,0.000000
187.520,enabled_hold,-0.000575,-0.007385,0.016342,39.000,8.000,-0.000049,0.000000
188.045,enabled_hold,-0.000575,-0.112125,-0.002335,39.000,8.000,-0.000049,0.000000
188.545,enabled_hold,-0.000575,-0.051697,-0.014786,39.000,8.000,-0.000049,0.000000
189.045,enabled_hold,-0.000192,0.034241,-0.000778,39.000,8.000,-0.000049,0.000000
189.546,enabled_hold,-0.000575,-0.038269,-0.014786,39.000,8.000,-0.000049,0.000000
190.070,enabled_hold,-0.000575,-0.112125,-0.007004,39.000,8.000,-0.000049,0.000000
190.570,enabled_hold,-0.000192,0.152405,-0.033464,39.000,8.000,-0.000049,0.000000
191.071,enabled_hold,-0.000192,-0.031555,-0.030350,39.000,8.000,-0.000049,0.000000
191.595,enabled_hold,-0.000192,0.023499,-0.007523,39.000,8.000,-0.000049,0.000000
192.095,enabled_hold,-0.000575,-0.199406,-0.007004,39.000,8.000,-0.000049,0.000000
192.620,enabled_hold,-0.000575,-0.036926,0.032944,39.000,8.000,-0.000049,0.000000
193.120,enabled_hold,-0.000575,-0.065125,-0.009598,39.000,8.000,-0.000049,0.000000
193.621,enabled_hold,-0.000192,-0.000671,0.001816,39.000,8.000,-0.000049,0.000000
194.145,enabled_hold,-0.000575,-0.138981,0.025162,39.000,8.000,-0.000049,0.000000
194.671,enabled_hold,-0.000192,-0.086613,-0.011673,39.000,8.000,-0.000049,0.000000
195.195,enabled_hold,-0.000192,-0.023499,0.004410,39.000,8.000,-0.000049,0.000000
195.719,enabled_hold,-0.000575,-0.002014,-0.002335,39.000,8.000,-0.000049,0.000000
196.219,enabled_hold,-0.000192,-0.071838,-0.028793,39.000,8.000,-0.000049,0.000000
196.720,enabled_hold,-0.000192,0.069153,0.019455,39.000,8.000,-0.000049,0.000000
197.245,enabled_hold,-0.000192,-0.024841,-0.007523,39.000,8.000,-0.000049,0.000000
197.770,enabled_hold,-0.000575,0.051697,0.007004,39.000,8.000,-0.000049,0.000000
198.294,enabled_hold,-0.000575,0.019470,0.009598,39.000,8.000,-0.000049,0.000000
198.819,enabled_hold,-0.000575,0.012756,-0.019974,39.000,8.000,-0.000049,0.000000
199.320,enabled_hold,-0.000192,-0.047668,0.023605,39.000,8.000,-0.000049,0.000000
199.821,enabled_hold,-0.000575,-0.181950,-0.015305,39.000,8.000,-0.000049,0.000000
200.322,enabled_hold,-0.000192,0.141663,-0.007523,39.000,8.000,-0.000049,0.000000
200.823,enabled_hold,-0.000192,0.047668,0.000778,39.000,8.000,-0.000049,0.000000
201.344,enabled_hold,-0.000192,-0.071838,0.032425,39.000,8.000,-0.000049,0.000000
201.845,enabled_hold,-0.000575,-0.022156,-0.018936,39.000,8.000,-0.000049,0.000000
202.345,enabled_hold,-0.000575,0.081238,-0.017899,39.000,8.000,-0.000049,0.000000
202.869,enabled_hold,-0.000192,0.062439,-0.009079,39.000,8.000,-0.000049,0.000000
203.370,enabled_hold,-0.000575,0.026184,-0.025162,39.000,8.000,-0.000049,0.000000
203.895,enabled_hold,-0.000575,-0.027527,-0.013748,39.000,8.000,-0.000049,0.000000
204.422,enabled_hold,-0.000575,-0.011414,-0.002853,39.000,8.000,-0.000049,0.000000
204.945,enabled_hold,-0.000192,0.024841,-0.000778,39.000,8.000,-0.000049,0.000000
205.469,enabled_hold,-0.000575,0.036926,0.004410,39.000,8.000,-0.000049,0.000000
205.970,enabled_hold,-0.000575,-0.020813,-0.010117,39.000,8.000,-0.000049,0.000000
206.495,enabled_hold,-0.000192,-0.090641,0.008560,39.000,8.000,-0.000049,0.000000
206.995,enabled_hold,-0.000192,-0.024841,-0.018417,39.000,8.000,-0.000049,0.000000
207.520,enabled_hold,-0.000192,-0.077209,-0.009079,39.000,8.000,-0.000049,0.000000
208.020,enabled_hold,-0.000192,-0.015442,-0.016861,39.000,8.000,-0.000049,0.000000
208.545,enabled_hold,-0.000192,0.148376,-0.015305,39.000,8.000,-0.000049,0.000000
209.045,enabled_hold,-0.000575,0.020813,0.004929,39.000,8.000,-0.000049,0.000000
209.545,enabled_hold,-0.000192,0.070496,-0.018417,39.000,8.000,-0.000049,0.000000
210.045,enabled_hold,-0.000192,0.040955,-0.008560,39.000,8.000,-0.000049,0.000000
210.570,enabled_hold,-0.000192,0.008728,0.026718,39.000,8.000,-0.000049,0.000000
211.070,enabled_hold,-0.000192,-0.144352,0.003891,39.000,8.000,-0.000049,0.000000
211.571,enabled_hold,-0.000192,0.011414,-0.009598,39.000,8.000,-0.000049,0.000000
212.071,enabled_hold,-0.000192,-0.032898,0.009598,39.000,8.000,-0.000049,0.000000
212.595,enabled_hold,-0.000575,0.030212,-0.013229,39.000,8.000,-0.000049,0.000000
213.120,enabled_hold,-0.000192,0.054382,-0.005447,39.000,8.000,-0.000049,0.000000
213.645,enabled_hold,-0.000192,0.075867,0.011154,39.000,8.000,-0.000049,0.000000
214.145,enabled_hold,-0.000192,0.035583,-0.008041,39.000,8.000,-0.000049,0.000000
214.671,enabled_hold,-0.000192,0.114807,-0.021011,39.000,8.000,-0.000049,0.000000
215.195,enabled_hold,-0.000575,0.019470,-0.004410,39.000,8.000,-0.000049,0.000000
215.695,enabled_hold,-0.000575,-0.031555,-0.000259,39.000,8.000,-0.000049,0.000000
216.195,enabled_hold,-0.000575,-0.039612,-0.001816,39.000,8.000,-0.000049,0.000000
216.720,enabled_hold,-0.000192,0.155090,-0.008560,39.000,8.000,-0.000049,0.000000
217.220,enabled_hold,-0.000192,-0.004700,-0.004929,39.000,8.000,-0.000049,0.000000
217.720,enabled_hold,-0.000575,-0.077209,0.014786,39.000,8.000,-0.000049,0.000000
218.220,enabled_hold,-0.000575,0.027527,0.010117,39.000,8.000,-0.000049,0.000000
218.735,enabled_hold,-0.000575,-0.028870,0.011673,39.000,8.000,-0.000049,0.000000
219.236,enabled_hold,-0.000192,0.067810,0.032425,39.000,8.000,-0.000049,0.000000
219.760,enabled_hold,-0.000575,0.089294,0.022049,39.000,8.000,-0.000049,0.000000
220.286,enabled_hold,-0.000575,-0.027527,-0.017899,39.000,8.000,-0.000049,0.000000
220.811,enabled_hold,-0.000192,0.143005,-0.012711,39.000,8.000,-0.000049,0.000000
221.337,enabled_hold,-0.000192,0.164490,0.024124,39.000,8.000,-0.000049,0.000000
221.837,enabled_hold,-0.000192,0.030212,-0.012711,39.000,8.000,-0.000049,0.000000
222.361,enabled_hold,-0.000575,-0.011414,-0.036058,39.000,8.000,-0.000049,0.000000
222.886,enabled_hold,-0.000192,0.031555,0.033981,39.000,8.000,-0.000049,0.000000
223.386,enabled_hold,-0.000192,-0.019470,-0.017899,39.000,8.000,-0.000049,0.000000
223.886,enabled_hold,-0.000192,0.110779,-0.001816,39.000,8.000,-0.000049,0.000000
224.411,enabled_hold,-0.000192,-0.024841,0.014786,39.000,8.000,-0.000049,0.000000
224.911,enabled_hold,-0.000575,-0.002014,0.024643,39.000,8.000,-0.000049,0.000000
225.436,enabled_hold,-0.000192,0.054382,-0.029831,39.000,8.000,-0.000049,0.000000
225.936,enabled_hold,-0.000192,-0.020813,-0.065111,39.000,8.000,-0.000049,0.000000
226.461,enabled_hold,-0.000575,-0.073181,-0.056292,39.000,8.000,-0.000049,0.000000
226.986,enabled_hold,-0.000575,-0.172550,0.001297,39.000,8.000,-0.000049,0.000000
227.487,enabled_hold,-0.000575,-0.071838,-0.022568,39.000,8.000,-0.000049,0.000000
228.011,enabled_hold,-0.000192,-0.023499,-0.022568,39.000,8.000,-0.000049,0.000000
228.535,enabled_hold,-0.000192,-0.038269,0.040726,39.000,8.000,-0.000049,0.000000
229.036,enabled_hold,-0.000192,0.152405,0.003372,39.000,8.000,-0.000049,0.000000
229.560,enabled_hold,-0.000575,0.044983,-0.025681,39.000,8.000,-0.000049,0.000000
230.087,enabled_hold,-0.000575,-0.030212,-0.000259,39.000,8.000,-0.000049,0.000000
230.610,enabled_hold,-0.000192,0.012756,-0.031906,39.000,8.000,-0.000049,0.000000
231.111,enabled_hold,-0.000192,-0.070496,0.007523,39.000,8.000,-0.000049,0.000000
231.637,enabled_hold,-0.000192,0.016785,0.030350,39.000,8.000,-0.000049,0.000000
232.160,enabled_hold,-0.000192,-0.022156,0.032425,39.000,8.000,-0.000049,0.000000
232.660,enabled_hold,-0.000192,0.000671,-0.020493,39.000,8.000,-0.000049,0.000000
233.186,enabled_hold,-0.000575,0.075867,0.015823,39.000,8.000,-0.000049,0.000000
233.687,enabled_hold,-0.000192,-0.067810,-0.031906,39.000,8.000,-0.000049,0.000000
234.187,enabled_hold,-0.000575,-0.073181,-0.021530,39.000,8.000,-0.000049,0.000000
234.710,enabled_hold,-0.000575,0.096008,0.022049,39.000,8.000,-0.000049,0.000000
235.211,enabled_hold,-0.000192,0.026184,-0.007004,39.000,8.000,-0.000049,0.000000
235.737,enabled_hold,-0.000192,0.077209,-0.008560,39.000,8.000,-0.000049,0.000000
236.237,enabled_hold,-0.000192,0.136292,-0.015823,39.000,8.000,-0.000049,0.000000
236.760,enabled_hold,-0.000575,-0.074524,-0.012711,39.000,8.000,-0.000049,0.000000
237.260,enabled_hold,-0.000575,-0.026184,-0.017899,39.000,8.000,-0.000049,0.000000
237.787,enabled_hold,-0.000575,0.019470,-0.011673,39.000,8.000,-0.000049,0.000000
238.310,enabled_hold,-0.000192,-0.038269,0.016342,39.000,8.000,-0.000049,0.000000
238.810,enabled_hold,-0.000575,-0.049011,-0.000259,39.000,8.000,-0.000049,0.000000
239.337,enabled_hold,-0.000575,-0.164494,-0.019455,39.000,8.000,-0.000049,0.000000
239.837,enabled_hold,-0.000575,-0.138981,-0.004929,39.000,8.000,-0.000049,0.000000
240.337,enabled_hold,-0.000192,0.130920,-0.007523,39.000,8.000,-0.000049,0.000000
240.861,enabled_hold,-0.000575,-0.118839,-0.001816,39.000,8.000,-0.000049,0.000000
241.369,enabled_hold,-0.000192,0.085266,0.022049,39.000,8.000,-0.000049,0.000000
241.870,enabled_hold,-0.000575,-0.109440,-0.004410,39.000,8.000,-0.000049,0.000000
242.370,enabled_hold,-0.000192,-0.059753,-0.013748,39.000,8.000,-0.000049,0.000000
242.893,enabled_hold,-0.000192,-0.097355,-0.007523,39.000,8.000,-0.000049,0.000000
243.419,enabled_hold,-0.000575,-0.065125,-0.013229,39.000,8.000,-0.000049,0.000000
243.920,enabled_hold,-0.000192,0.077209,0.002335,39.000,8.000,-0.000049,0.000000
244.420,enabled_hold,-0.000192,-0.121525,-0.034502,39.000,8.000,-0.000049,0.000000
244.921,enabled_hold,-0.000192,0.062439,-0.014267,39.000,8.000,-0.000049,0.000000
245.443,enabled_hold,-0.000192,0.094666,-0.004929,39.000,8.000,-0.000049,0.000000
245.943,enabled_hold,-0.000192,0.171204,-0.004410,39.000,8.000,-0.000049,0.000000
246.443,enabled_hold,-0.000575,-0.117496,-0.003891,39.000,8.000,-0.000049,0.000000
246.970,enabled_hold,-0.000192,-0.016785,-0.008041,39.000,8.000,-0.000049,0.000000
247.494,enabled_hold,-0.000192,0.105408,-0.039690,39.000,8.000,-0.000049,0.000000
248.019,enabled_hold,-0.000192,-0.086613,0.009079,39.000,8.000,-0.000049,0.000000
248.543,enabled_hold,-0.000192,0.058411,-0.002335,39.000,8.000,-0.000049,0.000000
249.043,enabled_hold,-0.000192,0.074524,0.036575,39.000,8.000,-0.000049,0.000000
249.568,enabled_hold,-0.000192,-0.073181,-0.024124,39.000,8.000,-0.000049,0.000000
250.068,enabled_hold,-0.000575,-0.160465,-0.013748,39.000,8.000,-0.000049,0.000000
250.570,enabled_hold,-0.000575,-0.020813,-0.001297,39.000,8.000,-0.000049,0.000000
251.070,enabled_hold,-0.000192,-0.042297,-0.001297,39.000,8.000,-0.000049,0.000000
251.581,enabled_hold,-0.000575,-0.122868,0.004410,39.000,8.000,-0.000049,0.000000
252.105,enabled_hold,-0.000575,-0.124210,-0.005447,39.000,8.000,-0.000049,0.000000
252.631,enabled_hold,-0.000575,0.006042,0.007004,39.000,8.000,-0.000049,0.000000
253.131,enabled_hold,-0.000575,-0.057068,-0.016342,39.000,8.000,-0.000049,0.000000
253.631,enabled_hold,-0.000192,0.003357,0.005966,39.000,8.000,-0.000049,0.000000
254.132,enabled_hold,-0.000192,-0.113468,-0.025681,39.000,8.000,-0.000049,0.000000
254.656,enabled_hold,-0.000575,-0.167179,-0.007523,39.000,8.000,-0.000049,0.000000
255.181,enabled_hold,-0.000575,0.020813,0.000778,39.000,8.000,-0.000049,0.000000
255.681,enabled_hold,-0.000575,0.027527,0.030869,39.000,8.000,-0.000049,0.000000
256.206,enabled_hold,-0.000575,-0.042297,-0.027237,39.000,8.000,-0.000049,0.000000
256.731,enabled_hold,-0.000192,-0.040955,-0.020493,39.000,8.000,-0.000049,0.000000
257.231,enabled_hold,-0.000192,0.153748,0.016342,39.000,8.000,-0.000049,0.000000
257.731,enabled_hold,-0.000575,-0.049011,-0.016861,39.000,8.000,-0.000049,0.000000
258.257,enabled_hold,-0.000575,0.051697,0.019455,39.000,8.000,-0.000049,0.000000
258.781,enabled_hold,-0.000192,0.002014,0.007523,39.000,8.000,-0.000049,0.000000
259.281,enabled_hold,-0.000192,0.030212,-0.016861,39.000,8.000,-0.000049,0.000000
259.781,enabled_hold,-0.000575,0.112122,0.026718,39.000,8.000,-0.000049,0.000000
260.282,enabled_hold,-0.000575,0.077209,-0.012711,39.000,8.000,-0.000049,0.000000
260.806,enabled_hold,-0.000575,0.006042,-0.027237,39.000,8.000,-0.000049,0.000000
261.331,enabled_hold,-0.000575,-0.061096,0.009598,39.000,8.000,-0.000049,0.000000
261.856,enabled_hold,-0.000192,0.155090,0.002335,39.000,8.000,-0.000049,0.000000
262.381,enabled_hold,-0.000192,0.065125,-0.021011,39.000,8.000,-0.000049,0.000000
262.905,enabled_hold,-0.000192,0.040955,-0.005966,39.000,8.000,-0.000049,0.000000
263.431,enabled_hold,-0.000192,0.049011,0.028275,39.000,8.000,-0.000049,0.000000
263.955,enabled_hold,-0.000192,-0.006042,-0.018936,39.000,8.000,-0.000049,0.000000
264.456,enabled_hold,-0.000575,-0.028870,-0.002853,39.000,8.000,-0.000049,0.000000
264.981,enabled_hold,-0.000575,-0.034241,-0.003372,39.000,8.000,-0.000049,0.000000
265.485,enabled_hold,-0.000575,0.047668,-0.000778,39.000,8.000,-0.000049,0.000000
265.985,enabled_hold,-0.000575,0.136292,-0.033983,39.000,8.000,-0.000049,0.000000
266.485,enabled_hold,-0.000192,-0.015442,-0.017380,39.000,8.000,-0.000049,0.000000
266.986,enabled_hold,-0.000192,-0.050354,0.020493,39.000,8.000,-0.000049,0.000000
267.486,enabled_hold,-0.000192,0.098694,-0.001816,39.000,8.000,-0.000049,0.000000
268.012,enabled_hold,-0.000575,-0.113468,-0.021530,39.000,8.000,-0.000049,0.000000
268.537,enabled_hold,-0.000575,-0.022156,-0.004929,39.000,8.000,-0.000049,0.000000
269.062,enabled_hold,-0.000575,0.047668,-0.021011,39.000,8.000,-0.000049,0.000000
269.587,enabled_hold,-0.000575,-0.112125,-0.003891,39.000,8.000,-0.000049,0.000000
270.087,enabled_hold,-0.000575,-0.161808,0.005447,39.000,8.000,-0.000049,0.000000
270.587,enabled_hold,-0.000192,0.094666,0.011673,39.000,8.000,-0.000049,0.000000
271.087,enabled_hold,-0.000192,-0.012756,0.008560,39.000,8.000,-0.000049,0.000000
271.612,enabled_hold,-0.000192,0.039612,0.002853,39.000,8.000,-0.000049,0.000000
272.112,enabled_hold,-0.000192,0.030212,-0.014267,39.000,8.000,-0.000049,0.000000
272.638,enabled_hold,-0.000192,-0.019470,0.001297,39.000,8.000,-0.000049,0.000000
273.162,enabled_hold,-0.000192,0.098694,-0.023605,39.000,8.000,-0.000049,0.000000
273.687,enabled_hold,-0.000192,0.053040,0.016861,39.000,8.000,-0.000049,0.000000
274.211,enabled_hold,-0.000192,-0.004700,-0.032425,39.000,8.000,-0.000049,0.000000
274.712,enabled_hold,-0.000192,0.042297,-0.011154,39.000,8.000,-0.000049,0.000000
275.212,enabled_hold,-0.000192,-0.010071,0.011673,39.000,8.000,-0.000049,0.000000
275.737,enabled_hold,-0.000192,0.077209,0.035019,39.000,8.000,-0.000049,0.000000
276.237,enabled_hold,-0.000192,-0.066467,0.030869,39.000,8.000,-0.000049,0.000000
276.762,enabled_hold,-0.000192,0.108093,-0.031387,39.000,8.000,-0.000049,0.000000
277.262,enabled_hold,-0.000192,-0.039612,0.021011,39.000,8.000,-0.000049,0.000000
277.762,enabled_hold,-0.000192,0.100037,-0.001297,39.000,8.000,-0.000049,0.000000
278.286,enabled_hold,-0.000575,-0.003357,-0.029831,39.000,8.000,-0.000049,0.000000
278.787,enabled_hold,-0.000575,-0.047668,-0.023087,39.000,8.000,-0.000049,0.000000
279.312,enabled_hold,-0.000575,-0.007385,0.004410,39.000,8.000,-0.000049,0.000000
279.812,enabled_hold,-0.000192,0.022156,-0.004410,39.000,8.000,-0.000049,0.000000
280.337,enabled_hold,-0.000575,-0.031555,0.014267,39.000,8.000,-0.000049,0.000000
280.862,enabled_hold,-0.000575,0.031555,0.009598,39.000,8.000,-0.000049,0.000000
281.387,enabled_hold,-0.000575,-0.147038,0.008560,39.000,8.000,-0.000049,0.000000
281.912,enabled_hold,-0.000192,-0.012756,-0.021011,39.000,8.000,-0.000049,0.000000
282.437,enabled_hold,-0.000192,0.044983,0.027237,39.000,8.000,-0.000049,0.000000
282.962,enabled_hold,-0.000575,-0.074524,-0.022568,39.000,8.000,-0.000049,0.000000
283.487,enabled_hold,-0.000192,-0.038269,0.026718,39.000,8.000,-0.000049,0.000000
284.012,enabled_hold,-0.000192,-0.023499,-0.001816,39.000,8.000,-0.000049,0.000000
284.536,enabled_hold,-0.000192,0.066467,0.013229,39.000,8.000,-0.000049,0.000000
285.037,enabled_hold,-0.000192,0.101379,0.003891,39.000,8.000,-0.000049,0.000000
285.556,enabled_hold,-0.000192,-0.031555,-0.003891,39.000,8.000,-0.000049,0.000000
286.066,enabled_hold,-0.000192,0.032898,0.007523,39.000,8.000,-0.000049,0.000000
286.592,enabled_hold,-0.000575,-0.138981,-0.013229,39.000,8.000,-0.000049,0.000000
287.092,enabled_hold,-0.000575,-0.046326,0.002853,39.000,8.000,-0.000049,0.000000
287.618,enabled_hold,-0.000575,-0.122868,-0.039171,39.000,8.000,-0.000049,0.000000
288.142,enabled_hold,-0.000192,-0.117496,-0.045916,39.000,8.000,-0.000049,0.000000
288.667,enabled_hold,-0.000575,0.004700,0.004410,39.000,8.000,-0.000049,0.000000
289.167,enabled_hold,-0.000192,0.071838,-0.035021,39.000,8.000,-0.000049,0.000000
289.668,enabled_hold,-0.000575,-0.086613,0.028275,39.000,8.000,-0.000049,0.000000
290.191,enabled_hold,-0.000192,0.028870,0.015305,39.000,8.000,-0.000049,0.000000
290.691,enabled_hold,-0.000575,-0.054382,-0.025162,39.000,8.000,-0.000049,0.000000
291.216,enabled_hold,-0.000575,0.014099,0.007004,39.000,8.000,-0.000049,0.000000
291.717,enabled_hold,-0.000192,0.023499,0.001297,39.000,8.000,-0.000049,0.000000
292.218,enabled_hold,-0.000192,0.027527,0.005966,39.000,8.000,-0.000049,0.000000
292.719,enabled_hold,-0.000192,0.027527,-0.004929,39.000,8.000,-0.000049,0.000000
293.241,enabled_hold,-0.000192,-0.008728,-0.011673,39.000,8.000,-0.000049,0.000000
293.769,enabled_hold,-0.000192,-0.148380,-0.023087,39.000,8.000,-0.000049,0.000000
294.269,enabled_hold,-0.000192,-0.054382,-0.019974,39.000,8.000,-0.000049,0.000000
294.769,enabled_hold,-0.000575,-0.040955,0.005447,39.000,8.000,-0.000049,0.000000
295.292,enabled_hold,-0.000192,0.141663,-0.016342,39.000,8.000,-0.000049,0.000000
295.792,enabled_hold,-0.000192,0.003357,0.008560,39.000,8.000,-0.000049,0.000000
296.318,enabled_hold,-0.000192,-0.019470,-0.003372,39.000,8.000,-0.000049,0.000000
296.819,enabled_hold,-0.000575,-0.023499,0.034500,39.000,8.000,-0.000049,0.000000
297.341,enabled_hold,-0.000575,-0.130924,0.002853,39.000,8.000,-0.000049,0.000000
297.841,enabled_hold,-0.000575,-0.171207,-0.027756,39.000,8.000,-0.000049,0.000000
298.369,enabled_hold,-0.000192,-0.071838,-0.031387,39.000,8.000,-0.000049,0.000000
298.891,enabled_hold,-0.000575,-0.026184,0.025162,39.000,8.000,-0.000049,0.000000
299.420,enabled_hold,-0.000192,0.039612,-0.019974,39.000,8.000,-0.000049,0.000000
299.921,enabled_hold,-0.000192,-0.003357,0.020493,39.000,8.000,-0.000049,0.000000
300.441,enabled_hold,-0.000192,0.002014,0.046432,39.000,8.000,-0.000049,0.000000
300.942,enabled_hold,-0.000192,0.027527,-0.035540,39.000,8.000,-0.000049,0.000000
301.469,enabled_hold,-0.000192,-0.016785,0.027237,39.000,8.000,-0.000049,0.000000
301.991,enabled_hold,-0.000575,-0.077209,-0.003891,39.000,8.000,-0.000049,0.000000
302.519,enabled_hold,-0.000575,-0.051697,-0.003891,39.000,8.000,-0.000049,0.000000
303.041,enabled_hold,-0.000192,0.085266,0.002853,39.000,8.000,-0.000049,0.000000
303.541,enabled_hold,-0.000192,0.090637,0.020493,39.000,8.000,-0.000049,0.000000
304.041,enabled_hold,-0.000192,0.143005,0.001816,39.000,8.000,-0.000049,0.000000
304.541,enabled_hold,-0.000192,0.165833,0.015823,39.000,8.000,-0.000049,0.000000
305.042,enabled_hold,-0.000575,-0.116154,0.004410,39.000,8.000,-0.000049,0.000000
305.566,enabled_hold,-0.000192,-0.003357,0.017899,39.000,8.000,-0.000049,0.000000
306.068,enabled_hold,-0.000192,0.093323,-0.009598,39.000,8.000,-0.000049,0.000000
306.591,enabled_hold,-0.000192,0.066467,0.019455,39.000,8.000,-0.000049,0.000000
307.116,enabled_hold,-0.000192,0.047668,0.039688,39.000,8.000,-0.000049,0.000000
307.641,enabled_hold,-0.000575,-0.071838,-0.011673,39.000,8.000,-0.000049,0.000000
308.141,enabled_hold,-0.000575,-0.010071,-0.003372,39.000,8.000,-0.000049,0.000000
308.669,enabled_hold,-0.000192,0.085266,-0.013229,39.000,8.000,-0.000049,0.000000
309.192,enabled_hold,-0.000192,-0.002014,-0.014267,39.000,8.000,-0.000049,0.000000
309.716,enabled_hold,-0.000192,-0.152409,-0.020493,39.000,8.000,-0.000049,0.000000
310.216,enabled_hold,-0.000192,-0.039612,-0.003891,39.000,8.000,-0.000049,0.000000
310.716,enabled_hold,-0.000575,-0.106754,-0.007523,39.000,8.000,-0.000049,0.000000
311.242,enabled_hold,-0.000192,0.116150,0.016342,39.000,8.000,-0.000049,0.000000
311.766,enabled_hold,-0.000575,-0.040955,-0.014786,39.000,8.000,-0.000049,0.000000
312.268,enabled_hold,-0.000192,-0.034241,0.005966,39.000,8.000,-0.000049,0.000000
312.791,enabled_hold,-0.000192,0.059753,0.017380,39.000,8.000,-0.000049,0.000000
313.291,enabled_hold,-0.000575,0.015442,-0.004410,39.000,8.000,-0.000049,0.000000
313.818,enabled_hold,-0.000192,-0.160465,-0.008560,39.000,8.000,-0.000049,0.000000
314.319,enabled_hold,-0.000575,-0.109440,-0.001297,39.000,8.000,-0.000049,0.000000
314.841,enabled_hold,-0.000192,0.077209,0.003372,39.000,8.000,-0.000049,0.000000
315.342,enabled_hold,-0.000192,-0.078552,0.018936,39.000,8.000,-0.000049,0.000000
315.867,enabled_hold,-0.000192,0.168518,-0.013229,39.000,8.000,-0.000049,0.000000
316.391,enabled_hold,-0.000192,-0.039612,-0.009079,39.000,8.000,-0.000049,0.000000
316.892,enabled_hold,-0.000192,-0.000671,-0.016342,39.000,8.000,-0.000049,0.000000
317.418,enabled_hold,-0.000192,0.047668,-0.017380,39.000,8.000,-0.000049,0.000000
317.919,enabled_hold,-0.000192,-0.096012,-0.018417,39.000,8.000,-0.000049,0.000000
318.419,enabled_hold,-0.000192,0.038269,0.016861,39.000,8.000,-0.000049,0.000000
318.941,enabled_hold,-0.000575,-0.065125,0.021011,39.000,8.000,-0.000049,0.000000
319.469,enabled_hold,-0.000575,0.148376,-0.024124,39.000,8.000,-0.000049,0.000000
319.992,enabled_hold,-0.000192,-0.004700,0.000259,39.000,8.000,-0.000049,0.000000
320.518,enabled_hold,-0.000192,0.058411,0.018936,39.000,8.000,-0.000049,0.000000
321.019,enabled_hold,-0.000575,-0.118839,-0.010635,39.000,8.000,-0.000049,0.000000
321.542,enabled_hold,-0.000192,-0.024841,0.018936,39.000,8.000,-0.000049,0.000000
322.067,enabled_hold,-0.000192,0.016785,-0.028275,39.000,8.000,-0.000049,0.000000
322.569,enabled_hold,-0.000575,-0.024841,0.007523,39.000,8.000,-0.000049,0.000000
323.069,enabled_hold,-0.000192,-0.097355,0.010117,39.000,8.000,-0.000049,0.000000
323.569,enabled_hold,-0.000575,-0.168522,-0.028793,39.000,8.000,-0.000049,0.000000
324.093,enabled_hold,-0.000192,-0.012756,0.002335,39.000,8.000,-0.000049,0.000000
324.619,enabled_hold,-0.000192,-0.074524,0.000778,39.000,8.000,-0.000049,0.000000
325.141,enabled_hold,-0.000192,-0.011414,0.049545,39.000,8.000,-0.000049,0.000000
325.669,enabled_hold,-0.000575,-0.173893,-0.009598,39.000,8.000,-0.000049,0.000000
326.169,enabled_hold,-0.000192,-0.030212,0.005966,39.000,8.000,-0.000049,0.000000
326.691,enabled_hold,-0.000575,-0.002014,-0.009079,39.000,8.000,-0.000049,0.000000
327.191,enabled_hold,-0.000192,0.035583,0.003372,39.000,8.000,-0.000049,0.000000
327.692,enabled_hold,-0.000192,-0.105412,0.001297,39.000,8.000,-0.000049,0.000000
328.213,enabled_hold,-0.000575,-0.079895,0.008041,39.000,8.000,-0.000049,0.000000
328.714,enabled_hold,-0.000575,-0.090641,0.005447,39.000,8.000,-0.000049,0.000000
329.238,enabled_hold,-0.000575,-0.254459,-0.025681,39.000,8.000,-0.000049,0.000000
329.738,enabled_hold,-0.000575,-0.104069,-0.015823,39.000,8.000,-0.000049,0.000000
330.264,enabled_hold,-0.000575,-0.053040,-0.021530,39.000,8.000,-0.000049,0.000000
330.764,enabled_hold,-0.000192,0.058411,0.000778,39.000,8.000,-0.000049,0.000000
331.265,enabled_hold,-0.000192,-0.132267,-0.022568,39.000,8.000,-0.000049,0.000000
331.788,enabled_hold,-0.000575,-0.133610,0.018936,39.000,8.000,-0.000049,0.000000
332.315,enabled_hold,-0.000192,0.014099,0.006485,39.000,8.000,-0.000049,0.000000
332.838,enabled_hold,-0.000192,0.042297,-0.023605,39.000,8.000,-0.000049,0.000000
333.339,enabled_hold,-0.000192,0.049011,-0.012711,39.000,8.000,-0.000049,0.000000
333.863,enabled_hold,-0.000192,-0.100040,0.000778,39.000,8.000,-0.000049,0.000000
334.364,enabled_hold,-0.000192,-0.007385,-0.001816,39.000,8.000,-0.000049,0.000000
334.888,enabled_hold,-0.000192,0.038269,-0.019974,39.000,8.000,-0.000049,0.000000
335.413,enabled_hold,-0.000192,0.089294,-0.035021,39.000,8.000,-0.000049,0.000000
335.913,enabled_hold,-0.000575,-0.112125,-0.025162,39.000,8.000,-0.000049,0.000000
336.414,enabled_hold,-0.000192,0.160461,-0.001816,39.000,8.000,-0.000049,0.000000
336.938,enabled_hold,-0.000192,0.061096,-0.004410,39.000,8.000,-0.000049,0.000000
337.438,enabled_hold,-0.000575,-0.083923,-0.013229,39.000,8.000,-0.000049,0.000000
337.964,enabled_hold,-0.000192,0.006042,-0.019974,39.000,8.000,-0.000049,0.000000
338.488,enabled_hold,-0.000575,-0.019470,0.012711,39.000,8.000,-0.000049,0.000000
338.988,enabled_hold,-0.000192,0.027527,0.023605,39.000,8.000,-0.000049,0.000000
339.489,enabled_hold,-0.000575,-0.007385,0.009079,39.000,8.000,-0.000049,0.000000
340.014,enabled_hold,-0.000575,-0.053040,0.022049,39.000,8.000,-0.000049,0.000000
340.538,enabled_hold,-0.000192,0.046326,0.005447,39.000,8.000,-0.000049,0.000000
341.064,enabled_hold,-0.000192,-0.018127,0.002853,39.000,8.000,-0.000049,0.000000
341.564,enabled_hold,-0.000575,0.019470,0.028275,39.000,8.000,-0.000049,0.000000
342.088,enabled_hold,-0.000575,0.008728,-0.004410,39.000,8.000,-0.000049,0.000000
342.588,enabled_hold,-0.000192,0.034241,-0.004929,39.000,8.000,-0.000049,0.000000
343.113,enabled_hold,-0.000192,-0.098698,0.022049,39.000,8.000,-0.000049,0.000000
343.613,enabled_hold,-0.000575,-0.032898,0.001297,39.000,8.000,-0.000049,0.000000
344.138,enabled_hold,-0.000192,0.006042,-0.062517,39.000,8.000,-0.000049,0.000000
344.639,enabled_hold,-0.000192,0.091980,-0.000259,39.000,8.000,-0.000049,0.000000
345.164,enabled_hold,-0.000192,0.010071,0.010635,39.000,8.000,-0.000049,0.000000
345.688,enabled_hold,-0.000192,-0.000671,0.017899,39.000,8.000,-0.000049,0.000000
346.214,enabled_hold,-0.000575,-0.112125,-0.019974,39.000,8.000,-0.000049,0.000000
346.724,enabled_hold,-0.000192,-0.098698,0.003372,39.000,8.000,-0.000049,0.000000
347.249,enabled_hold,-0.000575,0.008728,0.004929,39.000,8.000,-0.000049,0.000000
347.774,enabled_hold,-0.000575,-0.085266,-0.014267,39.000,8.000,-0.000049,0.000000
348.275,enabled_hold,-0.000192,0.122864,-0.020493,39.000,8.000,-0.000049,0.000000
348.799,enabled_hold,-0.000575,-0.065125,0.014786,39.000,8.000,-0.000049,0.000000
349.299,enabled_hold,-0.000192,-0.007385,-0.012711,39.000,8.000,-0.000049,0.000000
349.824,enabled_hold,-0.000192,0.129578,0.036057,39.000,8.000,-0.000049,0.000000
350.349,enabled_hold,-0.000575,-0.122868,0.000778,39.000,8.000,-0.000049,0.000000
350.874,enabled_hold,-0.000192,0.161804,-0.042803,39.000,8.000,-0.000049,0.000000
351.402,enabled_hold,-0.000192,0.004700,-0.013748,39.000,8.000,-0.000049,0.000000
351.924,enabled_hold,-0.000575,-0.113468,0.031387,39.000,8.000,-0.000049,0.000000
352.449,enabled_hold,-0.000192,0.156433,0.032944,39.000,8.000,-0.000049,0.000000
352.974,enabled_hold,-0.000575,0.034241,-0.025681,39.000,8.000,-0.000049,0.000000
353.474,enabled_hold,-0.000192,-0.003357,0.017899,39.000,8.000,-0.000049,0.000000
353.999,enabled_hold,-0.000575,-0.078552,-0.016342,39.000,8.000,-0.000049,0.000000
354.499,enabled_hold,-0.000192,-0.108097,0.000259,39.000,8.000,-0.000049,0.000000
354.999,enabled_hold,-0.000575,-0.143009,0.018936,39.000,8.000,-0.000049,0.000000
355.524,enabled_hold,-0.000575,-0.055725,0.031906,39.000,8.000,-0.000049,0.000000
356.049,enabled_hold,-0.000575,-0.094669,0.000259,39.000,8.000,-0.000049,0.000000
356.552,enabled_hold,-0.000192,-0.011414,-0.043322,39.000,8.000,-0.000049,0.000000
357.074,enabled_hold,-0.000192,0.015442,-0.020493,39.000,8.000,-0.000049,0.000000
357.574,enabled_hold,-0.000575,-0.104069,-0.043322,39.000,8.000,-0.000049,0.000000
358.074,enabled_hold,-0.000192,0.105408,0.010635,39.000,8.000,-0.000049,0.000000
358.574,enabled_hold,-0.000575,-0.020813,0.007004,39.000,8.000,-0.000049,0.000000
359.103,enabled_hold,-0.000575,-0.164494,0.002335,39.000,8.000,-0.000049,0.000000
359.624,enabled_hold,-0.000192,-0.023499,0.001297,39.000,8.000,-0.000049,0.000000
360.152,enabled_hold,-0.000192,-0.087955,-0.011673,39.000,8.000,-0.000049,0.000000
360.674,enabled_hold,-0.000192,0.024841,0.015823,39.000,8.000,-0.000049,0.000000
361.913,slow_motion,-0.000192,0.046326,0.017899,39.000,8.000,-0.000049,0.000003
362.439,slow_motion,0.183942,0.752636,0.235798,39.000,8.000,0.257590,0.373245
362.963,slow_motion,0.613971,0.517651,0.099352,39.000,8.000,0.697914,-0.086650
363.464,slow_motion,0.628163,-0.655956,-0.232166,39.000,8.000,0.648908,-1.195100
363.989,slow_motion,-0.090341,-1.539513,-0.154863,39.000,8.000,-0.118965,-1.559651
364.515,slow_motion,-0.791200,-0.908398,-0.062517,39.000,8.000,-0.811021,-0.919050
365.029,slow_motion,-0.984923,-0.042297,0.121660,39.000,8.000,-0.983464,0.284898
365.531,slow_motion,-0.598243,1.127274,0.143969,39.000,8.000,-0.565605,1.295452
366.055,slow_motion,0.193915,1.646938,0.137743,39.000,8.000,0.220165,1.532235
366.579,slow_motion,0.846056,0.771435,0.146044,39.000,8.000,0.865575,0.786487
367.079,slow_motion,0.978019,-0.207462,-0.248768,39.000,8.000,0.966008,-0.405778
367.604,slow_motion,0.495051,-1.366295,-0.164202,39.000,8.000,0.466260,-1.389561
368.105,slow_motion,-0.270638,-1.637539,-0.026199,39.000,8.000,-0.296626,-1.500125
368.605,slow_motion,-0.868305,-0.870800,-0.137224,39.000,8.000,-0.885015,-0.731452
369.129,slow_motion,-0.963441,0.533764,0.231129,39.000,8.000,-0.942973,0.523090
369.654,slow_motion,-0.429070,1.391808,0.130480,39.000,8.000,-0.395641,1.442661
370.155,slow_motion,0.343908,1.626797,0.116991,39.000,8.000,0.370203,1.459162
370.679,slow_motion,0.915873,0.737865,0.022568,39.000,8.000,0.933015,0.565029
371.204,slow_motion,0.921627,-0.740551,-0.165758,39.000,8.000,0.896998,-0.694187
371.704,slow_motion,0.354266,-1.538170,-0.104021,39.000,8.000,0.321882,-1.487172
372.229,slow_motion,-0.451703,-1.461632,-0.097795,39.000,8.000,-0.476539,-1.381013
372.754,slow_motion,-0.953466,-0.470650,-0.134111,39.000,8.000,-0.969125,-0.387617
373.254,slow_motion,-0.887870,0.843945,0.128923,39.000,8.000,-0.859670,0.802572
373.779,slow_motion,-0.240717,1.488487,0.065109,39.000,8.000,-0.208831,1.536180
374.280,slow_motion,0.518451,1.405235,0.134111,39.000,8.000,0.544067,1.317913
374.780,slow_motion,0.961906,0.568676,0.099871,39.000,8.000,0.977963,0.327587
375.305,slow_motion,0.844906,-0.868114,-0.191700,39.000,8.000,0.816540,-0.906692
375.829,slow_motion,0.160926,-1.448204,-0.246174,39.000,8.000,0.131465,-1.557153
376.354,slow_motion,-0.617423,-1.205158,-0.085344,39.000,8.000,-0.639450,-1.207745
376.854,slow_motion,-0.987225,-0.155094,-0.173542,39.000,8.000,-0.995822,-0.144292
377.379,slow_motion,-0.773554,1.105789,0.106096,39.000,8.000,-0.743336,1.050820
377.906,slow_motion,-0.043157,1.579800,0.264332,39.000,8.000,-0.011079,1.570701
378.429,slow_motion,0.703352,1.182327,0.189623,39.000,8.000,0.724665,1.082356
378.930,slow_motion,0.985690,0.093323,0.143450,39.000,8.000,0.999626,-0.040030
379.455,slow_motion,0.688775,-1.300499,-0.190144,39.000,8.000,0.659194,-1.181128
379.979,slow_motion,-0.074996,-1.507286,-0.262257,39.000,8.000,-0.104335,-1.562231
380.504,slow_motion,-0.781993,-1.019852,-0.158495,39.000,8.000,-0.801162,-0.940143
381.029,slow_motion,-0.984923,0.097351,0.135149,39.000,8.000,-0.983431,0.285183
381.554,slow_motion,-0.566020,1.265587,0.159014,39.000,8.000,-0.534756,1.327382
382.054,slow_motion,0.190847,1.632168,0.217640,39.000,8.000,0.220639,1.532067
382.556,slow_motion,0.827258,0.772778,0.201038,39.000,8.000,0.847056,0.834759
383.079,slow_motion,0.978019,-0.192692,-0.251362,39.000,8.000,0.966155,-0.404913
383.579,slow_motion,0.531493,-1.393150,-0.150713,39.000,8.000,0.500894,-1.359493
384.105,slow_motion,-0.270255,-1.391808,-0.019455,39.000,8.000,-0.297003,-1.499941
384.629,slow_motion,-0.885184,-0.612988,-0.281971,39.000,8.000,-0.902156,-0.677821
385.155,slow_motion,-0.953083,0.544506,0.136705,39.000,8.000,-0.928726,0.582592
385.655,slow_motion,-0.426002,1.343468,0.071856,39.000,8.000,-0.394151,1.443667
386.179,slow_motion,0.377282,1.422691,0.142412,39.000,8.000,0.405646,1.435721
386.679,slow_motion,0.917407,0.725780,0.042282,39.000,8.000,0.933269,0.563995
387.179,slow_motion,0.938507,-0.572701,-0.112841,39.000,8.000,0.913898,-0.637481
387.679,slow_motion,0.388407,-1.394493,-0.220753,39.000,8.000,0.359246,-1.465905
388.179,slow_motion,-0.381119,-1.532799,-0.125292,39.000,8.000,-0.405862,-1.435639
388.679,slow_motion,-0.916257,-0.627758,-0.073412,39.000,8.000,-0.933220,-0.564596
389.179,slow_motion,-0.939657,0.655956,0.038651,39.000,8.000,-0.913624,0.638797
389.679,slow_motion,-0.390325,1.398521,0.218159,39.000,8.000,-0.359125,1.466038
390.196,slow_motion,0.402984,1.732876,0.106615,39.000,8.000,0.430568,1.417698
390.704,slow_motion,0.932752,0.470646,0.176134,39.000,8.000,0.946476,0.506785
391.204,slow_motion,0.921627,-0.655956,-0.138781,39.000,8.000,0.897351,-0.693062
391.729,slow_motion,0.317438,-1.483116,-0.098833,39.000,8.000,0.285044,-1.505608
392.254,slow_motion,-0.485845,-1.299156,-0.220753,39.000,8.000,-0.510081,-1.351129
392.780,slow_motion,-0.963058,-0.431709,-0.103502,39.000,8.000,-0.978030,-0.327821
393.304,slow_motion,-0.846823,0.715038,0.195848,39.000,8.000,-0.817221,0.905397
393.830,slow_motion,-0.162459,1.638882,0.220234,39.000,8.000,-0.130890,1.557293
394.354,slow_motion,0.613586,1.180984,0.094683,39.000,8.000,0.638584,1.208746
394.855,slow_motion,0.985690,0.144348,0.239429,39.000,8.000,0.995876,0.141649
395.379,slow_motion,0.773170,-1.166218,-0.086382,39.000,8.000,0.743470,-1.050414
395.879,slow_motion,0.082668,-1.634853,-0.121660,39.000,8.000,0.053353,-1.568555
396.404,slow_motion,-0.676883,-1.152790,-0.065630,39.000,8.000,-0.698114,-1.124746
396.905,slow_motion,-0.988376,-0.078552,-0.226460,39.000,8.000,-0.999972,-0.019565
397.405,slow_motion,-0.744398,1.324669,0.249287,39.000,8.000,-0.715537,1.097398
397.928,slow_motion,-0.004795,1.762417,0.101427,39.000,8.000,0.024539,1.570321
398.430,slow_motion,0.703735,1.176956,0.161608,39.000,8.000,0.725322,1.081269
398.955,slow_motion,0.986074,0.096008,0.089495,39.000,8.000,0.997786,-0.103288
399.479,slow_motion,0.660005,-1.199787,-0.073412,39.000,8.000,0.630049,-1.219747
399.979,slow_motion,-0.074996,-1.473717,-0.232166,39.000,8.000,-0.103771,-1.562324
400.505,slow_motion,-0.779307,-0.952713,-0.180286,39.000,8.000,-0.801595,-0.939232
401.028,slow_motion,-0.984923,-0.053040,0.115953,39.000,8.000,-0.983585,0.283864
401.530,slow_motion,-0.597858,1.152786,0.086382,39.000,8.000,-0.566891,1.294064
402.055,slow_motion,0.193915,1.575771,0.163683,39.000,8.000,0.220984,1.531944
402.555,slow_motion,0.823038,1.072220,0.214527,39.000,8.000,0.846002,0.837394
403.079,slow_motion,0.977634,-0.206120,-0.257069,39.000,8.000,0.966080,-0.405356
403.580,slow_motion,0.531110,-1.164875,-0.098314,39.000,8.000,0.500907,-1.359481
404.105,slow_motion,-0.270638,-1.398521,-0.025162,39.000,8.000,-0.297393,-1.499750
404.605,slow_motion,-0.868690,-0.868114,-0.107134,39.000,8.000,-0.885393,-0.730321
405.129,slow_motion,-0.964592,0.365910,0.171984,39.000,8.000,-0.942786,0.523922
405.655,slow_motion,-0.425617,1.371666,0.067186,39.000,8.000,-0.394238,1.443608
406.156,slow_motion,0.345059,1.532799,0.108171,39.000,8.000,0.372306,1.457841
406.679,slow_motion,0.915873,0.681469,0.073412,39.000,8.000,0.933280,0.563949
407.179,slow_motion,0.939274,-0.610302,-0.100908,39.000,8.000,0.914062,-0.636901
407.705,slow_motion,0.350430,-1.472374,-0.136705,39.000,8.000,0.321048,-1.487616
408.229,slow_motion,-0.449018,-1.418663,-0.155382,39.000,8.000,-0.475876,-1.381577
408.729,slow_motion,-0.942726,-0.275944,-0.247211,39.000,8.000,-0.958601,-0.447548
409.255,slow_motion,-0.887486,0.762035,0.127367,39.000,8.000,-0.859391,0.803310
409.779,slow_motion,-0.240717,1.579800,0.022568,39.000,8.000,-0.209031,1.536112
410.279,slow_motion,0.515766,1.469688,0.127886,39.000,8.000,0.543814,1.318171
410.805,slow_motion,0.973031,0.426334,-0.007523,39.000,8.000,0.985662,0.264586
411.329,slow_motion,0.823038,-0.983597,-0.127886,39.000,8.000,0.793726,-0.955375
411.854,slow_motion,0.123331,-1.535484,-0.147081,39.000,8.000,0.092626,-1.564036
412.354,slow_motion,-0.615890,-1.233356,-0.114916,39.000,8.000,-0.639362,-1.207860
412.879,slow_motion,-0.987992,-0.078552,-0.183918,39.000,8.000,-0.998614,-0.084124
413.405,slow_motion,-0.746317,1.176956,0.171984,39.000,8.000,-0.716154,1.096406
413.905,slow_motion,-0.045841,1.536827,0.244617,39.000,8.000,-0.013271,1.570659
414.429,slow_motion,0.704120,1.128616,0.162645,39.000,8.000,0.725032,1.081749
414.955,slow_motion,0.987609,0.063782,0.064072,39.000,8.000,0.997830,-0.102246
415.479,slow_motion,0.659237,-1.124592,-0.078600,39.000,8.000,0.629761,-1.220115
416.004,slow_motion,-0.112206,-1.687222,-0.155901,39.000,8.000,-0.142999,-1.554664
416.505,slow_motion,-0.780075,-0.963455,-0.149675,39.000,8.000,-0.801051,-0.940376
417.005,slow_motion,-0.986841,-0.008728,0.044357,39.000,8.000,-0.989605,0.226438
417.530,slow_motion,-0.597475,1.356895,0.086382,39.000,8.000,-0.566791,1.294172
418.054,slow_motion,0.191231,1.530113,0.222828,39.000,8.000,0.219322,1.532534
418.579,slow_motion,0.846440,0.780834,0.154863,39.000,8.000,0.865535,0.786597
419.079,slow_motion,0.978019,-0.200748,-0.242542,39.000,8.000,0.966220,-0.404530
419.605,slow_motion,0.495051,-1.281696,-0.137224,39.000,8.000,0.464298,-1.391181
420.130,slow_motion,-0.304396,-1.346153,-0.243580,39.000,8.000,-0.333211,-1.481057
420.655,slow_motion,-0.900912,-0.715038,-0.125292,39.000,8.000,-0.918781,-0.620282
421.155,slow_motion,-0.953851,0.457218,0.183397,39.000,8.000,-0.928728,0.582587
421.655,slow_motion,-0.425234,1.260216,0.063553,39.000,8.000,-0.393582,1.444050
422.179,slow_motion,0.377666,1.304527,0.150713,39.000,8.000,0.405430,1.435871
422.679,slow_motion,0.915489,0.692211,0.030350,39.000,8.000,0.933220,0.564194
423.179,slow_motion,0.939274,-0.661327,-0.082232,39.000,8.000,0.913859,-0.637618
423.679,slow_motion,0.390709,-1.530113,-0.187031,39.000,8.000,0.359062,-1.466016
424.204,slow_motion,-0.416027,-1.488487,-0.203632,39.000,8.000,-0.442172,-1.408933
424.705,slow_motion,-0.933519,-0.488106,-0.209339,39.000,8.000,-0.947185,-0.503963
425.229,slow_motion,-0.905899,0.630444,0.204670,39.000,8.000,-0.879396,0.747984
425.754,slow_motion,-0.279462,1.620083,0.140856,39.000,8.000,-0.247012,1.522141
426.255,slow_motion,0.483927,1.358238,0.205708,39.000,8.000,0.511392,1.349814
426.779,slow_motion,0.962674,0.292057,0.107134,39.000,8.000,0.977960,0.327608
427.280,slow_motion,0.865621,-0.856030,-0.140856,39.000,8.000,0.838430,-0.855980
427.805,slow_motion,0.200821,-1.722134,-0.137224,39.000,8.000,0.169483,-1.548059
428.329,slow_motion,-0.584049,-1.367638,-0.189625,39.000,8.000,-0.607671,-1.247568
428.829,slow_motion,-0.980320,-0.330997,-0.125292,39.000,8.000,-0.991338,-0.206885
429.329,slow_motion,-0.823039,1.060135,0.042801,39.000,8.000,-0.794107,0.954797
429.829,slow_motion,-0.162076,1.535484,0.193773,39.000,8.000,-0.131268,1.557214
430.329,slow_motion,0.584816,1.363609,0.193773,39.000,8.000,0.607852,1.247232
430.829,slow_motion,0.980703,0.238346,0.037613,39.000,8.000,0.991313,0.206006
431.330,slow_motion,0.822655,-0.843945,-0.110765,39.000,8.000,0.793029,-0.956804
431.854,slow_motion,0.122180,-1.501915,-0.107653,39.000,8.000,0.092893,-1.563997
432.354,slow_motion,-0.615890,-1.237385,-0.101427,39.000,8.000,-0.638821,-1.208566
432.854,slow_motion,-0.986841,-0.027527,-0.166798,39.000,8.000,-0.995844,-0.143902
433.379,slow_motion,-0.773554,0.997025,0.129442,39.000,8.000,-0.743844,1.049933
433.904,slow_motion,-0.044691,1.536827,0.322437,39.000,8.000,-0.013751,1.570649
434.405,slow_motion,0.676499,1.031937,0.117510,39.000,8.000,0.698793,1.123552
434.929,slow_motion,0.987609,0.062439,0.145525,39.000,8.000,0.999644,-0.038907
435.454,slow_motion,0.690310,-1.249470,-0.170429,39.000,8.000,0.659834,-1.180246
435.979,slow_motion,-0.072694,-1.579796,-0.218159,39.000,8.000,-0.103191,-1.562419
436.479,slow_motion,-0.757442,-1.225300,-0.177174,39.000,8.000,-0.776468,-0.989943
436.979,slow_motion,-0.987609,0.003357,-0.022049,39.000,8.000,-0.994669,0.162733
437.480,slow_motion,-0.660004,1.281700,0.098314,39.000,8.000,-0.628898,1.221338
438.004,slow_motion,0.113357,1.685879,0.136705,39.000,8.000,0.142599,1.554732
438.504,slow_motion,0.780458,0.892288,0.082232,39.000,8.000,0.800901,0.940483
439.005,slow_motion,0.984156,-0.071838,-0.085344,39.000,8.000,0.989676,-0.224595
439.529,slow_motion,0.599010,-1.240070,-0.046953,39.000,8.000,0.567285,-1.293531
440.054,slow_motion,-0.192765,-1.483116,-0.171467,39.000,8.000,-0.220103,-1.532293
440.554,slow_motion,-0.826491,-0.739208,-0.204151,39.000,8.000,-0.845430,-0.839063
441.054,slow_motion,-0.983389,0.035583,0.248249,39.000,8.000,-0.975379,0.346762
441.579,slow_motion,-0.533796,1.418663,0.100908,39.000,8.000,-0.500873,1.359602
442.106,slow_motion,0.270638,1.430748,0.099871,39.000,8.000,0.298668,1.499076
442.629,slow_motion,0.884801,0.725780,0.160570,39.000,8.000,0.902225,0.677269
443.154,slow_motion,0.951550,-0.594185,-0.105059,39.000,8.000,0.929229,-0.580219
443.654,slow_motion,0.426384,-1.304527,-0.087420,39.000,8.000,0.395520,-1.442676
444.154,slow_motion,-0.343141,-1.473717,-0.164202,39.000,8.000,-0.370412,-1.459092
444.679,slow_motion,-0.916257,-0.635815,-0.066668,39.000,8.000,-0.933148,-0.564891
445.180,slow_motion,-0.938890,0.709667,0.062515,39.000,8.000,-0.913937,0.637694
445.704,slow_motion,-0.354265,1.454918,0.135149,39.000,8.000,-0.322389,1.486953
446.229,slow_motion,0.448635,1.273643,0.097277,39.000,8.000,0.475873,1.381495
446.730,slow_motion,0.944261,0.297428,0.214008,39.000,8.000,0.958592,0.447075
447.230,slow_motion,0.904365,-0.657299,-0.187550,39.000,8.000,0.879058,-0.748680
447.754,slow_motion,0.276776,-1.442833,-0.148638,39.000,8.000,0.246469,-1.522319
448.279,slow_motion,-0.518835,-1.378380,-0.162645,39.000,8.000,-0.543601,-1.318488
448.779,slow_motion,-0.963441,-0.547188,-0.128405,39.000,8.000,-0.977978,-0.328203
449.304,slow_motion,-0.845672,0.736523,0.196886,39.000,8.000,-0.816877,0.906165
449.804,slow_motion,-0.200821,1.526085,0.153826,39.000,8.000,-0.169412,1.548104
450.329,slow_motion,0.582898,1.191727,0.179766,39.000,8.000,0.607957,1.247105
450.829,slow_motion,0.980320,0.321598,0.072374,39.000,8.000,0.991224,0.207064
451.330,slow_motion,0.823422,-1.039993,-0.133074,39.000,8.000,0.793978,-0.954859
451.854,slow_motion,0.126016,-1.469688,-0.097795,39.000,8.000,0.092728,-1.564021
452.354,slow_motion,-0.616656,-1.162189,-0.098314,39.000,8.000,-0.639409,-1.207797
452.879,slow_motion,-0.988376,0.057068,-0.199482,39.000,8.000,-0.998638,-0.083443
453.379,slow_motion,-0.775087,1.099075,0.107134,39.000,8.000,-0.744011,1.049641
453.905,slow_motion,-0.043923,1.687222,0.237873,39.000,8.000,-0.012791,1.570669
454.405,slow_motion,0.674582,1.142044,0.104540,39.000,8.000,0.698229,1.124418
454.930,slow_motion,0.986841,-0.169865,0.156939,39.000,8.000,0.999621,-0.040346
455.454,slow_motion,0.689542,-1.342125,-0.164202,39.000,8.000,0.660199,-1.179743
455.980,slow_motion,-0.073846,-1.617393,-0.168354,39.000,8.000,-0.104006,-1.562285
456.504,slow_motion,-0.781225,-0.829174,-0.123735,39.000,8.000,-0.800941,-0.940608
457.029,slow_motion,-0.984923,-0.023499,0.145525,39.000,8.000,-0.983547,0.284193
457.557,slow_motion,-0.561799,1.144730,0.239429,39.000,8.000,-0.530238,1.331847
458.079,slow_motion,0.228057,1.424034,0.114916,39.000,8.000,0.257434,1.517833
458.586,slow_motion,0.851427,0.916458,0.050064,39.000,8.000,0.871514,0.770133
459.087,slow_motion,0.976100,-0.414249,-0.175098,39.000,8.000,0.962910,-0.423562
459.587,slow_motion,0.521136,-1.370323,-0.099871,39.000,8.000,0.489913,-1.369331
460.087,slow_motion,-0.241484,-1.520714,-0.178730,39.000,8.000,-0.270380,-1.512312
460.588,slow_motion,-0.853727,-0.736523,-0.141375,39.000,8.000,-0.872573,-0.767446
461.112,slow_motion,-0.970346,0.359196,0.173021,39.000,8.000,-0.951561,0.483196
461.612,slow_motion,-0.486996,1.421349,0.112322,39.000,8.000,-0.455543,1.398384
462.112,slow_motion,0.279845,1.504601,0.057846,39.000,8.000,0.308134,1.494341
462.613,slow_motion,0.874060,0.819775,0.146044,39.000,8.000,0.890384,0.714890
463.138,slow_motion,0.959989,-0.469307,-0.143969,39.000,8.000,0.938248,-0.543227
463.662,slow_motion,0.414493,-1.460289,-0.045397,39.000,8.000,0.384152,-1.450237
464.187,slow_motion,-0.390709,-1.328697,-0.079638,39.000,8.000,-0.417109,-1.427664
464.687,slow_motion,-0.923546,-0.606274,-0.074968,39.000,8.000,-0.937897,-0.545139
465.187,slow_motion,-0.934670,0.784863,0.056290,39.000,8.000,-0.908557,0.656385
465.690,slow_motion,-0.386489,1.410606,0.165239,39.000,8.000,-0.342343,1.475909
466.212,slow_motion,0.426767,1.382408,0.174578,39.000,8.000,0.452844,1.400466
466.737,slow_motion,0.946179,0.309513,0.217640,39.000,8.000,0.961975,0.428772
467.237,slow_motion,0.900529,-0.673412,-0.212971,39.000,8.000,0.872757,-0.766654
467.761,slow_motion,0.267570,-1.489830,-0.177692,39.000,8.000,0.235331,-1.526662
468.262,slow_motion,-0.497353,-1.272297,-0.133074,39.000,8.000,-0.520991,-1.340820
468.787,slow_motion,-0.966126,-0.314884,-0.083269,39.000,8.000,-0.980476,-0.309270
469.312,slow_motion,-0.838384,0.971512,0.168871,39.000,8.000,-0.809805,0.921693
469.812,slow_motion,-0.189696,1.736904,0.121141,39.000,8.000,-0.157431,1.551221
470.338,slow_motion,0.595557,1.092361,0.229572,39.000,8.000,0.618657,1.234052
470.862,slow_motion,0.985690,-0.007385,0.236835,39.000,8.000,0.996727,0.126027
471.362,slow_motion,0.790049,-0.796947,-0.237873,39.000,8.000,0.761653,-1.017761
471.862,slow_motion,0.108370,-1.781216,-0.169910,39.000,8.000,0.079690,-1.565795
472.388,slow_motion,-0.657318,-1.088333,-0.240467,39.000,8.000,-0.678266,-1.154319
472.888,slow_motion,-0.988759,-0.043640,-0.242023,39.000,8.000,-0.999254,-0.062622
473.412,slow_motion,-0.740562,0.995682,0.192736,39.000,8.000,-0.707977,1.109430
473.937,slow_motion,0.006330,1.675137,0.190660,39.000,8.000,0.037654,1.569679
474.437,slow_motion,0.711024,0.997025,0.290791,39.000,8.000,0.733499,1.067571
474.962,slow_motion,0.985307,-0.063782,0.082750,39.000,8.000,0.997009,-0.120403
475.462,slow_motion,0.679952,-1.175617,-0.202076,40.000,8.000,0.650447,-1.193034
475.963,slow_motion,-0.047760,-1.477745,-0.104540,39.000,8.000,-0.077279,-1.566105
476.488,slow_motion,-0.765882,-0.803661,-0.234241,39.000,8.000,-0.785408,-0.972387
476.988,slow_motion,-0.987225,-0.016785,0.000778,39.000,8.000,-0.993109,0.184745
477.488,slow_motion,-0.649647,1.336754,0.095201,39.000,8.000,-0.619186,1.233521
478.012,slow_motion,0.127167,1.339439,0.216084,40.000,8.000,0.154513,1.551920
478.512,slow_motion,0.787746,0.897659,0.143450,40.000,8.000,0.808005,0.925368
479.038,slow_motion,0.982621,0.046326,-0.170429,39.000,8.000,0.980807,-0.305885
479.562,slow_motion,0.553361,-1.397179,-0.188587,39.000,8.000,0.523592,-1.338222
480.064,slow_motion,-0.208109,-1.488487,-0.080156,40.000,8.000,-0.233256,-1.527485
480.587,slow_motion,-0.852577,-0.780834,-0.098833,40.000,8.000,-0.871838,-0.769506
481.087,slow_motion,-0.978402,0.238346,0.198961,40.000,8.000,-0.962916,0.424079
481.612,slow_motion,-0.486228,1.335411,0.094683,40.000,8.000,-0.455249,1.398620
482.113,slow_motion,0.277160,1.508629,0.073412,40.000,8.000,0.307582,1.494621
482.638,slow_motion,0.890939,0.639843,0.177691,39.000,8.000,0.907922,0.658214
483.162,slow_motion,0.948864,-0.505562,-0.167316,39.000,8.000,0.924561,-0.598338
483.662,slow_motion,0.417562,-1.410606,-0.097795,40.000,8.000,0.384111,-1.450263
484.163,slow_motion,-0.356183,-1.464317,-0.179249,40.000,8.000,-0.381589,-1.451970
484.688,slow_motion,-0.921628,-0.728466,-0.077044,40.000,8.000,-0.938240,-0.543681
485.212,slow_motion,-0.916257,0.669384,0.226460,40.000,8.000,-0.891670,0.711232
485.737,slow_motion,-0.305930,1.403893,0.133593,40.000,8.000,-0.272597,1.511330
486.237,slow_motion,0.460143,1.476402,0.132555,39.000,8.000,0.487671,1.371305
486.762,slow_motion,0.956153,0.261173,0.190142,40.000,8.000,0.971930,0.369243
487.287,slow_motion,0.859866,-0.744579,-0.196888,40.000,8.000,0.832375,-0.870438
487.787,slow_motion,0.228057,-1.716763,-0.161089,40.000,8.000,0.196324,-1.540212
488.312,slow_motion,-0.563717,-1.190388,-0.119585,40.000,8.000,-0.586651,-1.272150
488.813,slow_motion,-0.974950,-0.313541,0.014786,40.000,8.000,-0.987561,-0.247475
489.337,slow_motion,-0.815751,1.103104,0.077562,40.000,8.000,-0.785921,0.971365
489.837,slow_motion,-0.151718,1.591885,0.192217,40.000,8.000,-0.117914,1.559847
490.338,slow_motion,0.594790,1.163528,0.218678,40.000,8.000,0.618544,1.234192
490.862,slow_motion,0.985307,-0.022156,0.231129,40.000,8.000,0.996767,0.125246
491.387,slow_motion,0.765882,-1.129963,-0.147081,40.000,8.000,0.735398,-1.064343
491.887,slow_motion,0.071544,-1.566368,-0.112841,40.000,8.000,0.040374,-1.569512
492.412,slow_motion,-0.684939,-1.097733,-0.141893,40.000,8.000,-0.706150,-1.112299
492.912,slow_motion,-0.988759,0.044983,-0.157976,40.000,8.000,-1.000049,-0.001983
493.437,slow_motion,-0.711791,0.998367,0.094164,40.000,8.000,-0.679968,1.151846
493.937,slow_motion,0.006713,1.646938,0.184435,40.000,8.000,0.037961,1.569661
494.437,slow_motion,0.711408,1.084305,0.247211,40.000,8.000,0.733655,1.067307
494.937,slow_motion,0.986074,0.007385,0.146044,40.000,8.000,0.999223,-0.059906
495.462,slow_motion,0.681103,-1.277668,-0.227497,40.000,8.000,0.650426,-1.193062
495.987,slow_motion,-0.086505,-1.551598,-0.146563,40.000,8.000,-0.116340,-1.560139
496.512,slow_motion,-0.788514,-0.823803,-0.144487,40.000,8.000,-0.808413,-0.924701
497.037,slow_motion,-0.984540,-0.100040,0.182360,40.000,8.000,-0.981038,0.304840
497.561,slow_motion,-0.556429,1.289757,0.137224,40.000,8.000,-0.524178,1.337752
498.062,slow_motion,0.204657,1.397179,0.122179,40.000,8.000,0.232637,1.527681
498.588,slow_motion,0.852578,0.740551,0.051620,40.000,8.000,0.872132,0.768407
499.112,slow_motion,0.969195,-0.220890,-0.319326,40.000,8.000,0.951471,-0.483155
499.612,slow_motion,0.487379,-1.356895,-0.107653,40.000,8.000,0.455011,-1.398732
500.137,slow_motion,-0.317438,-1.424034,-0.128923,40.000,8.000,-0.345523,-1.474080
500.637,slow_motion,-0.889788,-0.612988,-0.218678,40.000,8.000,-0.907858,-0.658768
501.162,slow_motion,-0.950014,0.559277,0.116991,40.000,8.000,-0.924408,0.599297
501.687,slow_motion,-0.379968,1.319298,0.155382,40.000,8.000,-0.347127,1.473150
502.212,slow_motion,0.426767,1.480431,0.205189,40.000,8.000,0.452688,1.400591
502.712,slow_motion,0.935438,0.469303,0.265888,40.000,8.000,0.950631,0.487216
503.213,slow_motion,0.917024,-0.649242,-0.204151,40.000,8.000,0.891469,-0.711545
503.737,slow_motion,0.303629,-1.373009,-0.082750,40.000,8.000,0.273245,-1.510997
504.237,slow_motion,-0.462443,-1.475060,-0.137743,40.000,8.000,-0.487413,-1.371618
504.737,slow_motion,-0.946562,-0.443794,-0.207783,40.000,8.000,-0.962200,-0.428074
505.262,slow_motion,-0.882499,0.819775,0.023087,40.000,8.000,-0.853618,0.818355
505.787,slow_motion,-0.228058,1.701992,0.194292,40.000,8.000,-0.195874,1.540384
506.312,slow_motion,0.559882,1.315269,0.134630,40.000,8.000,0.586487,1.272223
506.837,slow_motion,0.982621,0.147034,0.061996,40.000,8.000,0.992908,0.186090
507.337,slow_motion,0.815750,-1.031937,-0.085344,40.000,8.000,0.785835,-0.971339
507.838,slow_motion,0.149034,-1.444176,-0.161608,40.000,8.000,0.117845,-1.559842
508.338,slow_motion,-0.595941,-1.159504,-0.182362,40.000,8.000,-0.619024,-1.233721
508.862,slow_motion,-0.987609,-0.090641,-0.234241,40.000,8.000,-0.996847,-0.125607
509.387,slow_motion,-0.766265,1.159500,0.063553,40.000,8.000,-0.735020,1.065155
509.913,slow_motion,-0.030498,1.657681,0.142412,40.000,8.000,-0.001120,1.570795
510.438,slow_motion,0.713326,1.084305,0.188585,40.000,8.000,0.734496,1.065879
510.962,slow_motion,0.985307,-0.030212,0.116472,40.000,8.000,0.996965,-0.121298
511.487,slow_motion,0.650798,-1.371666,-0.097277,40.000,8.000,0.620053,-1.232322
512.012,slow_motion,-0.125633,-1.507286,-0.193256,40.000,8.000,-0.155558,-1.551687
512.537,slow_motion,-0.811914,-0.931225,-0.115953,40.000,8.000,-0.831046,-0.873799
513.038,slow_motion,-0.984540,0.110779,0.201557,40.000,8.000,-0.980937,0.305641
513.562,slow_motion,-0.555661,1.284386,0.143969,40.000,8.000,-0.523971,1.337952
514.087,slow_motion,0.242634,1.653652,0.188585,40.000,8.000,0.270684,1.512134
514.612,slow_motion,0.872909,0.968826,0.165758,40.000,8.000,0.890113,0.715724
515.112,slow_motion,0.969579,-0.273258,-0.306356,40.000,8.000,0.951563,-0.482708
515.612,slow_motion,0.487379,-1.394493,-0.105059,40.000,8.000,0.455644,-1.398223
516.112,slow_motion,-0.281380,-1.534142,-0.087420,40.000,8.000,-0.308031,-1.494443
516.638,slow_motion,-0.891322,-0.621044,-0.182880,40.000,8.000,-0.908426,-0.656832
517.162,slow_motion,-0.951165,0.548534,0.108171,40.000,8.000,-0.924483,0.599013
517.662,slow_motion,-0.416410,1.385094,0.121141,40.000,8.000,-0.384023,1.450385
518.186,slow_motion,0.389941,1.371666,0.080156,40.000,8.000,0.416843,1.427784
518.687,slow_motion,0.922777,0.736523,0.044876,40.000,8.000,0.937722,0.545463
519.189,slow_motion,0.933904,-0.724438,-0.082750,40.000,8.000,0.907953,-0.658109
519.712,slow_motion,0.343140,-1.524742,-0.142412,40.000,8.000,0.310731,-1.493013
520.237,slow_motion,-0.462060,-1.344810,-0.124773,40.000,8.000,-0.487746,-1.371326
520.738,slow_motion,-0.947330,-0.536446,-0.218678,40.000,8.000,-0.962531,-0.426230
521.262,slow_motion,-0.883266,0.847973,0.024124,40.000,8.000,-0.853443,0.818804
521.762,slow_motion,-0.264884,1.462975,0.156939,40.000,8.000,-0.234307,1.527088
522.288,slow_motion,0.532261,1.321983,0.160051,40.000,8.000,0.555707,1.305873
522.812,slow_motion,0.975333,0.187321,0.028793,40.000,8.000,0.987387,0.248214
523.312,slow_motion,0.839151,-0.936596,-0.129442,40.000,8.000,0.809751,-0.921594
523.812,slow_motion,0.190463,-1.432091,-0.065111,40.000,8.000,0.158095,-1.551029
524.312,slow_motion,-0.565252,-1.315269,-0.095720,40.000,8.000,-0.587157,-1.271573
524.838,slow_motion,-0.984156,-0.275944,-0.067705,40.000,8.000,-0.993220,-0.183262
525.338,slow_motion,-0.814983,0.976883,0.074968,40.000,8.000,-0.785161,0.972879
525.838,slow_motion,-0.146731,1.561001,0.150713,40.000,8.000,-0.116749,1.560063
526.362,slow_motion,0.622793,1.218590,0.081713,40.000,8.000,0.648424,1.195749
526.862,slow_motion,0.985690,0.054382,0.290272,40.000,8.000,0.996731,0.125939
527.374,slow_motion,0.780075,-1.039993,-0.086901,40.000,8.000,0.749017,-1.040644
527.898,slow_motion,0.054282,-1.516685,-0.175098,40.000,8.000,0.023842,-1.570348
528.398,slow_motion,-0.668060,-1.068192,-0.112322,40.000,8.000,-0.690420,-1.136402
528.923,slow_motion,-0.988376,0.010071,-0.166279,40.000,8.000,-0.999928,0.024509
529.423,slow_motion,-0.725602,1.021194,0.119066,40.000,8.000,-0.695749,1.128355
529.948,slow_motion,0.023592,1.605312,0.182878,40.000,8.000,0.054801,1.568432
530.473,slow_motion,0.749386,1.088333,0.054214,40.000,8.000,0.770616,1.000974
530.973,slow_motion,0.986458,-0.196720,0.009598,40.000,8.000,0.995521,-0.147680
531.498,slow_motion,0.638138,-1.332726,-0.144487,40.000,8.000,0.606482,-1.248876
531.998,slow_motion,-0.102616,-1.544884,-0.135149,40.000,8.000,-0.132920,-1.556869
532.523,slow_motion,-0.798488,-0.860058,-0.122179,40.000,8.000,-0.818167,-0.903287
533.048,slow_motion,-0.983772,-0.059753,0.214008,40.000,8.000,-0.977630,0.330751
533.548,slow_motion,-0.574076,1.258873,0.202595,40.000,8.000,-0.542539,1.319567
534.049,slow_motion,0.184710,1.570400,0.212971,40.000,8.000,0.212122,1.535033
534.573,slow_motion,0.842220,0.807690,0.192736,40.000,8.000,0.860671,0.799659
535.073,slow_motion,0.978786,-0.210148,-0.272114,40.000,8.000,0.968452,-0.391138
535.574,slow_motion,0.542236,-1.340782,-0.097277,40.000,8.000,0.507814,-1.353143
536.099,slow_motion,-0.257978,-1.330040,-0.212452,40.000,8.000,-0.286635,-1.504909
536.623,slow_motion,-0.881732,-0.670727,-0.225422,40.000,8.000,-0.898288,-0.690378
537.148,slow_motion,-0.956535,0.505558,0.165758,40.000,8.000,-0.932829,0.566188
537.673,slow_motion,-0.399148,1.458946,0.209858,40.000,8.000,-0.368606,1.460221
538.173,slow_motion,0.370761,1.277672,0.214008,40.000,8.000,0.397088,1.441612
538.698,slow_motion,0.929683,0.594189,0.175097,40.000,8.000,0.943518,0.520219
539.222,slow_motion,0.909351,-0.583443,-0.342154,40.000,8.000,0.883919,-0.734422
539.723,slow_motion,0.323576,-1.542198,-0.203632,40.000,8.000,0.294084,-1.501311
540.248,slow_motion,-0.477789,-1.465660,-0.229572,40.000,8.000,-0.502432,-1.358182
540.772,slow_motion,-0.959989,-0.317570,-0.113878,40.000,8.000,-0.975831,-0.343605
541.273,slow_motion,-0.871758,0.917801,0.035538,40.000,8.000,-0.844428,0.841549
541.798,slow_motion,-0.212329,1.607998,0.226460,40.000,8.000,-0.179602,1.545268
542.299,slow_motion,0.542620,1.326012,0.213490,40.000,8.000,0.568571,1.292137
542.823,slow_motion,0.979169,0.478703,0.048508,40.000,8.000,0.989895,0.222197
543.323,slow_motion,0.828793,-0.997025,-0.080675,40.000,8.000,0.799537,-0.943343
543.823,slow_motion,0.170516,-1.636196,-0.149157,40.000,8.000,0.140386,-1.555229
544.348,slow_motion,-0.608600,-1.226643,-0.147600,40.000,8.000,-0.631076,-1.218564
544.849,slow_motion,-0.987225,-0.190006,-0.161608,40.000,8.000,-0.994838,-0.160155
545.373,slow_motion,-0.781610,1.007767,0.153307,40.000,8.000,-0.750371,1.038411
545.873,slow_motion,-0.096478,1.797329,0.237354,40.000,8.000,-0.063218,1.567659
546.373,slow_motion,0.638906,1.315269,0.125292,40.000,8.000,0.661174,1.178394
546.898,slow_motion,0.986074,-0.102726,0.173540,40.000,8.000,0.999663,0.037638
547.398,slow_motion,0.753606,-1.343468,-0.134111,40.000,8.000,0.723505,-1.084269
547.899,slow_motion,0.054282,-1.616051,-0.181843,40.000,8.000,0.023359,-1.570366
548.423,slow_motion,-0.695680,-1.268269,-0.111803,40.000,8.000,-0.718023,-1.093385
548.948,slow_motion,-0.987992,-0.090641,-0.075487,40.000,8.000,-0.998539,0.086309
549.473,slow_motion,-0.667293,1.033279,0.141375,40.000,8.000,-0.637380,1.210441
549.998,slow_motion,0.103383,1.574429,0.045914,40.000,8.000,0.132657,1.556903
550.523,slow_motion,0.797337,0.997025,0.009598,40.000,8.000,0.818214,0.902961
551.048,slow_motion,0.981854,0.024841,-0.194294,40.000,8.000,0.977552,-0.330601
551.548,slow_motion,0.574076,-1.434776,-0.173542,40.000,8.000,0.542553,-1.319453
552.048,slow_motion,-0.182024,-1.540855,-0.188587,40.000,8.000,-0.210466,-1.535629
552.548,slow_motion,-0.821505,-0.762035,-0.210896,40.000,8.000,-0.840014,-0.852379
553.095,slow_motion,-0.976868,0.286686,0.184954,40.000,8.000,-0.959501,0.442766
553.598,slow_motion,-0.506943,1.411949,0.211933,40.000,8.000,-0.475201,1.382150
554.098,slow_motion,0.258363,1.432091,0.150194,40.000,8.000,0.286700,1.504832
554.598,slow_motion,0.861784,0.970169,0.043839,40.000,8.000,0.879964,0.746048
555.099,slow_motion,0.973799,-0.368595,-0.250843,40.000,8.000,0.958011,-0.450135
555.623,slow_motion,0.472802,-1.398521,-0.083788,40.000,8.000,0.440105,-1.410453
556.148,slow_motion,-0.333934,-1.468346,-0.056292,40.000,8.000,-0.361028,-1.464884
556.673,slow_motion,-0.912038,-0.690868,-0.061998,40.000,8.000,-0.929680,-0.578826
557.173,slow_motion,-0.944261,0.661327,0.092607,40.000,8.000,-0.917773,0.623951
557.698,slow_motion,-0.364239,1.414635,0.126329,40.000,8.000,-0.331936,1.481762
558.199,slow_motion,0.405669,1.458946,0.165758,40.000,8.000,0.432855,1.415978
558.723,slow_motion,0.941193,0.407536,0.201038,40.000,8.000,0.955719,0.462005
559.248,slow_motion,0.892472,-0.909740,-0.113878,40.000,8.000,0.864503,-0.789393
559.773,slow_motion,0.250691,-1.464317,-0.024124,40.000,8.000,0.218459,-1.532838
560.273,slow_motion,-0.509628,-1.347496,-0.123217,40.000,8.000,-0.535847,-1.326296
560.799,slow_motion,-0.969579,-0.382023,-0.077044,40.000,8.000,-0.983810,-0.281936
561.323,slow_motion,-0.831479,0.866776,0.152788,40.000,8.000,-0.799977,0.942630
561.849,slow_motion,-0.131003,1.590542,0.116472,40.000,8.000,-0.099701,1.562978
562.373,slow_motion,0.635836,1.366295,0.111803,40.000,8.000,0.661011,1.178620
562.898,slow_motion,0.986841,-0.089298,0.215046,40.000,8.000,0.999676,0.036828
563.423,slow_motion,0.727902,-1.084305,-0.207264,40.000,8.000,0.696288,-1.127383
563.923,slow_motion,0.013234,-1.544884,-0.090014,40.000,8.000,-0.016151,-1.570593
564.448,slow_motion,-0.723300,-1.054764,-0.152788,40.000,8.000,-0.744813,-1.048237
564.949,slow_motion,-0.987992,0.053040,-0.131517,40.000,8.000,-0.998546,0.086101
565.473,slow_motion,-0.669211,1.269615,0.146044,40.000,8.000,-0.637571,1.210193
565.999,slow_motion,0.102616,1.522057,0.106615,40.000,8.000,0.133247,1.556779
566.523,slow_motion,0.796186,1.011795,0.040726,40.000,8.000,0.817870,0.903731
567.023,slow_motion,0.983389,-0.006042,-0.129442,40.000,8.000,0.985017,-0.270447
567.548,slow_motion,0.572541,-1.304527,-0.187031,40.000,8.000,0.542711,-1.319292
568.073,slow_motion,-0.219234,-1.413292,-0.100908,40.000,8.000,-0.248188,-1.521669
568.573,slow_motion,-0.842219,-0.878857,-0.105577,40.000,8.000,-0.860858,-0.799424
569.097,slow_motion,-0.977634,0.235661,0.237354,40.000,8.000,-0.958201,0.449656
569.623,slow_motion,-0.473569,1.477745,-0.013748,40.000,8.000,-0.440290,1.410386
570.123,slow_motion,0.294422,1.497887,0.154863,40.000,8.000,0.323303,1.486411
570.624,slow_motion,0.881732,0.731152,0.221790,40.000,8.000,0.898563,0.689177
571.124,slow_motion,0.966126,-0.284000,-0.225422,40.000,8.000,0.945476,-0.511368
571.648,slow_motion,0.434823,-1.370323,-0.105577,40.000,8.000,0.404004,-1.436863
572.172,slow_motion,-0.369611,-1.399864,-0.200520,40.000,8.000,-0.396737,-1.441918
572.675,slow_motion,-0.913571,-0.764721,-0.074450,40.000,8.000,-0.930864,-0.574113
573.198,slow_motion,-0.925847,0.685497,0.101946,40.000,8.000,-0.901722,0.679241
573.723,slow_motion,-0.327797,1.440147,0.229053,40.000,8.000,-0.294656,1.501082
574.223,slow_motion,0.439426,1.411949,0.170946,40.000,8.000,0.467640,1.388416
574.748,slow_motion,0.951166,0.458561,0.149157,40.000,8.000,0.966441,0.403229
575.250,slow_motion,0.890939,-0.774120,-0.129961,40.000,8.000,0.863273,-0.792706
575.773,slow_motion,0.247622,-1.535484,-0.121141,40.000,8.000,0.218370,-1.532869
576.273,slow_motion,-0.512697,-1.391808,-0.054216,40.000,8.000,-0.536581,-1.325564
576.799,slow_motion,-0.969579,-0.300114,-0.073412,40.000,8.000,-0.983805,-0.281975
577.323,slow_motion,-0.831479,0.846630,0.147081,40.000,8.000,-0.799925,0.942738
577.823,slow_motion,-0.174735,1.625454,0.127367,40.000,8.000,-0.141221,1.555065
578.348,slow_motion,0.606682,1.217247,0.156939,40.000,8.000,0.630826,1.218756
578.848,slow_motion,0.984923,0.143005,0.210896,40.000,8.000,0.994749,0.160009
579.349,slow_motion,0.803858,-0.935253,-0.130480,40.000,8.000,0.775465,-0.991691
579.873,slow_motion,0.091492,-1.399864,-0.188587,40.000,8.000,0.062729,-1.567698
580.373,slow_motion,-0.638138,-1.312584,-0.110247,40.000,8.000,-0.661851,-1.177594
580.898,slow_motion,-0.988759,-0.044983,-0.173023,40.000,8.000,-0.999771,-0.037086
581.399,slow_motion,-0.751687,1.117874,0.127886,40.000,8.000,-0.721824,1.087192
581.923,slow_motion,-0.017454,1.550259,0.079638,40.000,8.000,0.015878,1.570597
582.448,slow_motion,0.722916,1.022537,0.158495,40.000,8.000,0.744774,1.048132
582.948,slow_motion,0.985690,-0.134953,0.115953,40.000,8.000,0.998463,-0.085656
583.473,slow_motion,0.666909,-1.156818,-0.146563,40.000,8.000,0.637671,-1.209934
583.974,slow_motion,-0.065789,-1.595909,-0.237354,40.000,8.000,-0.096371,-1.563492
584.497,slow_motion,-0.774704,-0.882885,-0.225422,40.000,8.000,-0.794738,-0.953500
584.998,slow_motion,-0.986841,0.061096,0.047470,40.000,8.000,-0.991159,0.208992
585.523,slow_motion,-0.607833,1.167557,0.145525,40.000,8.000,-0.574594,1.285654
586.025,slow_motion,0.106452,1.677822,0.024124,40.000,8.000,0.174696,1.546627
586.548,slow_motion,0.821505,0.805004,0.193254,40.000,8.000,0.840001,0.852170
587.048,slow_motion,0.981854,-0.100040,-0.217640,40.000,8.000,0.977555,-0.330579
587.548,slow_motion,0.572541,-1.366295,-0.180286,40.000,8.000,0.542307,-1.319702
588.073,slow_motion,-0.219234,-1.524742,-0.101427,40.000,8.000,-0.248627,-1.521492
588.598,slow_motion,-0.862168,-0.796947,-0.056292,40.000,8.000,-0.879953,-0.746368
589.123,slow_motion,-0.967278,0.335026,0.128923,40.000,8.000,-0.946139,0.508790
589.648,slow_motion,-0.436742,1.383751,0.158495,40.000,8.000,-0.404708,1.436443
590.148,slow_motion,0.333166,1.383751,0.120623,40.000,8.000,0.360684,1.465033
590.648,slow_motion,0.896692,0.645214,0.124773,40.000,8.000,0.914386,0.635752
591.148,slow_motion,0.956153,-0.540474,-0.148119,40.000,8.000,0.932739,-0.566153
591.673,slow_motion,0.400299,-1.363609,-0.182362,40.000,8.000,0.368110,-1.460468
592.198,slow_motion,-0.407971,-1.613365,-0.143969,40.000,8.000,-0.432640,-1.416215
592.698,slow_motion,-0.929684,-0.501534,-0.134630,40.000,8.000,-0.943667,-0.519994
593.223,slow_motion,-0.910503,0.811718,0.265888,40.000,8.000,-0.884070,0.734265
593.723,slow_motion,-0.327029,1.488487,0.181322,40.000,8.000,-0.294011,1.501394
594.223,slow_motion,0.440194,1.344810,0.124773,40.000,8.000,0.468074,1.388055
594.748,slow_motion,0.951166,0.547192,0.148119,40.000,8.000,0.966572,0.402451
595.273,slow_motion,0.873292,-0.956741,-0.067705,40.000,8.000,0.844425,-0.841311
595.798,slow_motion,0.209643,-1.578453,-0.204151,40.000,8.000,0.179495,-1.545271
596.324,slow_motion,-0.579062,-1.446861,-0.115953,40.000,8.000,-0.601108,-1.255389
596.825,slow_motion,-0.979937,-0.467964,-0.073931,40.000,8.000,-0.990429,-0.217365
597.348,slow_motion,-0.804242,0.970169,0.185991,40.000,8.000,-0.775610,0.991602
597.848,slow_motion,-0.133689,1.628139,0.110247,40.000,8.000,-0.101628,1.562671
598.373,slow_motion,0.636603,1.324669,0.098833,40.000,8.000,0.661077,1.178529
598.873,slow_motion,0.986074,0.043640,0.230610,40.000,8.000,0.997948,0.099352
599.373,slow_motion,0.780458,-1.085648,-0.107134,40.000,8.000,0.749847,-1.039169
599.898,slow_motion,0.052748,-1.766445,-0.205189,40.000,8.000,0.023852,-1.570348
600.423,slow_motion,-0.696831,-1.230671,-0.134111,40.000,8.000,-0.717996,-1.093429
600.923,slow_motion,-0.988376,-0.101383,-0.159014,40.000,8.000,-0.999930,0.024242
601.423,slow_motion,-0.724834,0.978226,0.124254,40.000,8.000,-0.696219,1.127639
601.947,slow_motion,0.018989,1.625454,0.150713,40.000,8.000,0.054379,1.568468
602.448,slow_motion,0.723300,0.997025,0.174578,40.000,8.000,0.744788,1.048107
602.973,slow_motion,0.984923,-0.061096,0.046432,40.000,8.000,0.995538,-0.147407
603.473,slow_motion,0.668444,-1.034622,-0.167316,40.000,8.000,0.637462,-1.210206
603.998,slow_motion,-0.104151,-1.523399,-0.104540,40.000,8.000,-0.132835,-1.556887
604.523,slow_motion,-0.797337,-0.925854,-0.108171,40.000,8.000,-0.818468,-0.902616
605.048,slow_motion,-0.983772,0.125549,0.217121,40.000,8.000,-0.977710,0.330164
605.573,slow_motion,-0.539166,1.202469,0.125292,40.000,8.000,-0.508947,1.352184
606.073,slow_motion,0.219234,1.566372,0.102983,40.000,8.000,0.248444,1.521526
606.597,slow_motion,0.860634,0.958084,0.072893,40.000,8.000,0.879813,0.746486
607.098,slow_motion,0.972264,-0.316227,-0.279896,40.000,8.000,0.958118,-0.449577
607.598,slow_motion,0.504257,-1.317955,-0.237873,40.000,8.000,0.475356,-1.381935
608.122,slow_motion,-0.296340,-1.591881,-0.196888,40.000,8.000,-0.323255,-1.486490
608.624,slow_motion,-0.882115,-0.596870,-0.254993,40.000,8.000,-0.898927,-0.688323
609.148,slow_motion,-0.956152,0.572704,0.119066,40.000,8.000,-0.932632,0.566990
609.648,slow_motion,-0.435592,1.552944,0.126329,40.000,8.000,-0.404301,1.436726
610.173,slow_motion,0.369226,1.500572,0.188066,40.000,8.000,0.397195,1.441540
610.674,slow_motion,0.913571,0.517651,0.056808,40.000,8.000,0.930657,0.574546
611.199,slow_motion,0.924696,-0.803661,-0.100908,40.000,8.000,0.901344,-0.680157
611.723,slow_motion,0.322042,-1.469688,-0.157976,40.000,8.000,0.294575,-1.501073
612.248,slow_motion,-0.479323,-1.360924,-0.226978,40.000,8.000,-0.502292,-1.358310
612.772,slow_motion,-0.961523,-0.360538,-0.077044,40.000,8.000,-0.975824,-0.343654
613.273,slow_motion,-0.872909,1.115189,0.108690,40.000,8.000,-0.844460,0.841470
613.798,slow_motion,-0.210411,1.621426,0.183397,40.000,8.000,-0.179375,1.545333
614.323,slow_motion,0.574076,1.260216,0.106096,40.000,8.000,0.600090,1.256473
614.823,slow_motion,0.979169,0.249088,0.043839,40.000,8.000,0.989994,0.221104
615.349,slow_motion,0.803858,-0.878857,-0.147600,40.000,8.000,0.775287,-0.992034
615.876,slow_motion,0.088039,-1.454918,-0.161089,40.000,8.000,0.057525,-1.568191
616.397,slow_motion,-0.668827,-1.268269,-0.107653,40.000,8.000,-0.690107,-1.136871
616.898,slow_motion,-0.988376,0.073181,-0.212452,40.000,8.000,-0.999777,-0.036696
617.423,slow_motion,-0.733658,1.035965,0.213490,40.000,8.000,-0.695758,1.128341
617.947,slow_motion,0.025893,1.656338,0.119585,40.000,8.000,0.054255,1.568478
618.448,slow_motion,0.723300,1.074905,0.165239,40.000,8.000,0.744822,1.048047
618.973,slow_motion,0.984923,0.038269,0.055771,40.000,8.000,0.995509,-0.147885
619.498,slow_motion,0.636603,-1.374352,-0.048510,40.000,8.000,0.606759,-1.248544
620.023,slow_motion,-0.143279,-1.460289,-0.137224,40.000,8.000,-0.171796,-1.547456
620.523,slow_motion,-0.800022,-0.900341,-0.137743,40.000,8.000,-0.818499,-0.902545
621.023,slow_motion,-0.985690,0.046326,0.141375,40.000,8.000,-0.985066,0.270901
621.547,slow_motion,-0.572541,1.321983,0.204670,40.000,8.000,-0.543075,1.319023
622.048,slow_motion,0.183175,1.645596,0.189104,40.000,8.000,0.210355,1.535633
622.573,slow_motion,0.841069,0.853344,0.150713,40.000,8.000,0.860855,0.799170
623.098,slow_motion,0.971881,-0.243717,-0.217121,40.000,8.000,0.958008,-0.450154
623.623,slow_motion,0.471651,-1.242756,-0.117510,40.000,8.000,0.439912,-1.410601
624.123,slow_motion,-0.296723,-1.536827,-0.162127,40.000,8.000,-0.324085,-1.486044
624.648,slow_motion,-0.898227,-0.638500,-0.117510,40.000,8.000,-0.914876,-0.634363
625.148,slow_motion,-0.955385,0.501530,0.143450,40.000,8.000,-0.932508,0.567491
625.672,slow_motion,-0.400299,1.374352,0.194292,40.000,8.000,-0.368670,1.460181
626.172,slow_motion,0.369611,1.368980,0.182360,40.000,8.000,0.396861,1.441767
626.673,slow_motion,0.912037,0.720409,0.081194,40.000,8.000,0.929638,0.578601
627.198,slow_motion,0.924312,-0.622387,-0.129442,40.000,8.000,0.901311,-0.680263
627.722,slow_motion,0.324727,-1.441490,-0.168873,40.000,8.000,0.294675,-1.501025
628.222,slow_motion,-0.442496,-1.324669,-0.114397,40.000,8.000,-0.467477,-1.388633
628.722,slow_motion,-0.940808,-0.443794,-0.274189,40.000,8.000,-0.955707,-0.462571
629.223,slow_motion,-0.910119,0.631786,0.191698,40.000,8.000,-0.884076,0.734248
629.723,slow_motion,-0.326262,1.534142,0.159533,40.000,8.000,-0.294025,1.501387
630.248,slow_motion,0.477406,1.442833,0.251362,40.000,8.000,0.502075,1.358417
630.773,slow_motion,0.960373,0.490788,0.117510,40.000,8.000,0.975832,0.342904
631.273,slow_motion,0.871758,-0.951370,-0.111803,40.000,8.000,0.844307,-0.841604
631.773,slow_motion,0.249924,-1.319298,-0.063555,40.000,8.000,0.218031,-1.532988
632.298,slow_motion,-0.545688,-1.236042,-0.188587,40.000,8.000,-0.568595,-1.292219
632.823,slow_motion,-0.979169,-0.439766,-0.095720,40.000,8.000,-0.990084,-0.221212
633.348,slow_motion,-0.803474,0.960770,0.185991,40.000,8.000,-0.775579,0.991662
633.873,slow_motion,-0.094561,1.650967,0.178209,40.000,8.000,-0.063031,1.567678
634.373,slow_motion,0.640057,1.238731,0.147081,40.000,8.000,0.661233,1.178313
634.898,slow_motion,0.986458,0.000671,0.212971,40.000,8.000,0.999681,0.036499
635.423,slow_motion,0.725985,-1.096390,-0.178730,40.000,8.000,0.696374,-1.127252
635.948,slow_motion,-0.026661,-1.574425,-0.159533,40.000,8.000,-0.054949,-1.568427
636.473,slow_motion,-0.749386,-1.044022,-0.145006,40.000,8.000,-0.770520,-1.001344
636.998,slow_motion,-0.987225,-0.012756,0.013748,40.000,8.000,-0.991135,0.209267
637.522,slow_motion,-0.606298,1.117874,0.164202,40.000,8.000,-0.575307,1.284868
638.023,slow_motion,0.142895,1.528770,0.132036,40.000,8.000,0.171638,1.547472
638.548,slow_motion,0.820354,0.967484,0.180803,40.000,8.000,0.840075,0.851991
639.073,slow_motion,0.978786,-0.161808,-0.207783,40.000,8.000,0.968535,-0.390632
639.573,slow_motion,0.537631,-1.317955,-0.072893,40.000,8.000,0.508844,-1.352187
640.098,slow_motion,-0.257595,-1.536827,-0.150713,40.000,8.000,-0.286166,-1.505129
640.598,slow_motion,-0.863318,-0.766064,-0.095201,40.000,8.000,-0.880045,-0.746099
641.123,slow_motion,-0.966894,0.365910,0.160051,40.000,8.000,-0.946127,0.508842
641.623,slow_motion,-0.473186,1.266930,0.075487,40.000,8.000,-0.440245,1.410421
642.148,slow_motion,0.331248,1.550259,0.104021,40.000,8.000,0.360714,1.465015
642.672,slow_motion,0.912420,0.764721,0.058884,40.000,8.000,0.929467,0.579278
643.172,slow_motion,0.942343,-0.664013,-0.077562,40.000,8.000,0.917954,-0.622933
643.673,slow_motion,0.398765,-1.563683,-0.164721,40.000,8.000,0.368104,-1.460471
644.198,slow_motion,-0.408355,-1.434776,-0.160570,40.000,8.000,-0.432945,-1.415985
644.723,slow_motion,-0.941192,-0.388737,-0.261738,40.000,8.000,-0.955765,-0.462272
645.249,slow_motion,-0.892472,0.642529,0.126848,40.000,8.000,-0.864679,0.789184
645.773,slow_motion,-0.250690,1.458946,0.081713,40.000,8.000,-0.218200,1.532964
646.298,slow_motion,0.541852,1.370323,0.170946,40.000,8.000,0.568303,1.292428
646.822,slow_motion,0.978402,0.247746,0.086382,40.000,8.000,0.989912,0.222016
647.323,slow_motion,0.829176,-0.792919,-0.082750,40.000,8.000,0.799910,-0.942563
647.848,slow_motion,0.131387,-1.524742,-0.123217,40.000,8.000,0.101930,-1.562607
648.348,slow_motion,-0.609367,-1.205158,-0.119585,40.000,8.000,-0.631602,-1.217890
648.873,slow_motion,-0.988376,-0.002014,-0.245136,40.000,8.000,-0.998080,-0.098537
649.398,slow_motion,-0.752455,1.256187,0.124773,40.000,8.000,-0.723553,1.084354
649.922,slow_motion,-0.015152,1.570400,0.064590,40.000,8.000,0.014981,1.570619
650.423,slow_motion,0.696063,1.201126,0.118547,40.000,8.000,0.717983,1.093289
650.948,slow_motion,0.986074,-0.061096,0.105059,40.000,8.000,0.998421,-0.086835
651.473,slow_motion,0.668060,-1.025223,-0.118547,40.000,8.000,0.637560,-1.210078
651.998,slow_motion,-0.101849,-1.602623,-0.075487,40.000,8.000,-0.132754,-1.556904
652.523,slow_motion,-0.797721,-0.862743,-0.129442,40.000,8.000,-0.818116,-0.903402
653.048,slow_motion,-0.983772,0.087952,0.230610,40.000,8.000,-0.977728,0.330035
653.548,slow_motion,-0.572157,1.340782,0.211414,40.000,8.000,-0.542293,1.319817
654.048,slow_motion,0.179723,1.539513,0.161608,40.000,8.000,0.209992,1.535756
654.573,slow_motion,0.841454,0.748608,0.183916,40.000,8.000,0.860712,0.799548
655.073,slow_motion,0.979169,-0.202091,-0.254475,40.000,8.000,0.968499,-0.390854
655.598,slow_motion,0.506943,-1.539513,-0.218678,40.000,8.000,0.475276,-1.382002
656.098,slow_motion,-0.260664,-1.538170,-0.158495,40.000,8.000,-0.286271,-1.505080
656.599,slow_motion,-0.862552,-0.798290,-0.044359,40.000,8.000,-0.880568,-0.744575
657.125,slow_motion,-0.966894,0.318913,0.216602,40.000,8.000,-0.945332,0.512477
657.648,slow_motion,-0.435207,1.381065,0.121141,40.000,8.000,-0.404061,1.436892
658.148,slow_motion,0.331632,1.421349,0.109209,40.000,8.000,0.360440,1.465181
658.649,slow_motion,0.897843,0.654613,0.147600,40.000,8.000,0.914697,0.634646
659.173,slow_motion,0.943110,-0.568672,-0.085863,40.000,8.000,0.917787,-0.623542
659.673,slow_motion,0.398381,-1.603966,-0.156939,40.000,8.000,0.368263,-1.460372
660.198,slow_motion,-0.405669,-1.467003,-0.180286,40.000,8.000,-0.432716,-1.416158
660.723,slow_motion,-0.941192,-0.343082,-0.244099,40.000,8.000,-0.955836,-0.461910
661.224,slow_motion,-0.908969,0.729809,0.169390,40.000,8.000,-0.882578,0.738680
661.749,slow_motion,-0.287133,1.569057,0.147600,40.000,8.000,-0.256012,1.518468
